Cell Line,CLO_ID,cello_exact,cello_relaxed
697,CLO_0001008,CLO:0001008,CLO:0001008
5637,CLO_0001421,CLO:0001421;CLO:0050845,CLO:0001421;CLO:0050845
1_H1_ESCs_with_99_fibroblsat,CLO_0037281,,
143B,CLO_0001088,CLO:0001084;CLO:0001088;CLO:0024221,CLO:0001084;CLO:0001088;CLO:0024221
1B2C6,CLO_0050258,CLO:0050258,CLO:0050258
1C3D3,CLO_0050259,CLO:0050259,CLO:0050259
1C3IKEI,CLO_0050257,CLO:0050257,CLO:0050257
22Rv1,CLO_0001200,CLO:0001199;CLO:0001200,CLO:0001199;CLO:0001200
22rv1,CLO_0001200,CLO:0001199;CLO:0001200,CLO:0001199;CLO:0001200
22Rv1_10nM17beta-hydroxy-5alpha-androstan-3-one,CLO_0001200,,
22Rv1_delSite1_Clone11/12-D8,CLO_0001200,,
22Rv1_delSite1_Clone11/12-F6,CLO_0001200,,
22Rv1_delSite4_Clone22/23-F8,CLO_0001200,,
22RV1_prostate_carcinoma,CLO_0001200,,
22RV1_prostate_carcinoma_DHT,CLO_0001200,,
22rv1-arfl-arvs,CLO_0001200,,
22rv1-arvs,CLO_0001200,,
22RV1-DHT-DMSO_6h,CLO_0001200,,
293 HEK,CLO_0001230,CLO:0001230;CLO:0050903,CLO:0001230;CLO:0050903
293T,CLO_0037372,CLO:0050894,CLO:0050894
293T_2_high,CLO_0037372,,
293T_2_low,CLO_0037372,,
293T_sciCAR,CLO_0037372,,
293T-Rex,CLO_0037238,,
293Trex_B4Nflag_2h,CLO_0037238,,
293Trex_B4Nflag_7h,CLO_0037238,,
293Trex_B4Nflag_No,CLO_0037238,,
2C6,CLO_0050256,,
786-O,CLO_0001486,CLO:0001486,CLO:0001486
786-O PBRM1 shRNA#1,CLO_0001486,,
786-O PBRM1 shRNA#2,CLO_0001486,,
786-O_control,CLO_0001486,,
786-O_empty_vector,CLO_0001486,,
786-O_HIF2A,CLO_0001486,,
786-O_non-targeting,CLO_0001486,,
786-O_wtVHL,CLO_0001486,,
786o-hif1a,CLO_0001486,,
786o-hif2a,CLO_0001486,,
81-3,CLO_0001001,,
8305C,CLO_0001510,CLO:0001510;CLO:0050949,CLO:0001510;CLO:0050949
8505C,CLO_0001513,CLO:0001513;CLO:0050951,CLO:0001513;CLO:0050951
A1-2_breast_cancer_cells,CLO_0009251,,
A172,CLO_0001560,CLO:0001543;CLO:0001559;CLO:0001560;CLO:0050637,CLO:0001543;CLO:0001559;CLO:0001560;CLO:0050637
A2780,CLO_0001571,CLO:0001571,CLO:0001571
A2780_shMBD3.232,CLO_0001571,,
A2780_shMBD3.26,CLO_0001571,,
A2780_shRen,CLO_0001571,,
A2780cis,CLO_0001573,CLO:0001573,CLO:0001573
A375,CLO_0001582,CLO:0001544;CLO:0001581;CLO:0001582,CLO:0001544;CLO:0001581;CLO:0001582
A-375,CLO_0001582,CLO:0001544;CLO:0001581;CLO:0001582,CLO:0001544;CLO:0001581;CLO:0001582
A375 DMSO,CLO_0001582,,
A375 RTKi,CLO_0001582,,
A375_DMSO,CLO_0001582,,
A375_malignant_melanoma,CLO_0001582,,
A375_malignant_melanoma_A771726,CLO_0001582,,
A375_malignant_melanoma_DMSO,CLO_0001582,,
A431,CLO_0001591,CLO:0001591;CLO:0001592;CLO:0050011;CLO:0050012,CLO:0001591;CLO:0001592;CLO:0050011;CLO:0050012
A549,CLO_0001601,CLO:0001601;CLO:0050025,CLO:0001601;CLO:0050025
A-549,CLO_0001601,CLO:0001601;CLO:0050025,CLO:0001601;CLO:0050025
A549 DMSO,CLO_0001601,,
A549 EtOH 0.02pct lung carcinoma,CLO_0001601,,
A549 EtOH 0.02pct Lung Carcinoma Cell Line,CLO_0001601,,
A549 FOXA2 overexpressed,CLO_0001601,,
A549 FOXA2 shRNA2,CLO_0001601,,
A549 GFP control,CLO_0001601,,
A549 shRNA control,CLO_0001601,,
A549 TEAD2 shRNA TGFb,CLO_0001601,,
A549 TEAD4 shRNA TGFb,CLO_0001601,,
A549 TGFb,CLO_0001601,,
A549_0h_only,CLO_0001601,,
A549_0h_sciCAR,CLO_0001601,,
A549_1,CLO_0001601,,
A549_1h_only,CLO_0001601,,
A549_1h_sciCAR,CLO_0001601,,
A549_3h_only,CLO_0001601,,
A549_3h_sciCAR,CLO_0001601,,
A549_dexamethasone_0.5h,CLO_0001601,,
A549_dexamethasone_12h,CLO_0001601,,
A549_dexamethasone_1h,CLO_0001601,,
A549_dexamethasone_2h,CLO_0001601,,
A549_dexamethasone_3h,CLO_0001601,,
A549_dexamethasone_4h,CLO_0001601,,
A549_dexamethasone_5h,CLO_0001601,,
A549_dexamethasone_6h,CLO_0001601,,
A549_dexamethasone_7h,CLO_0001601,,
A549_dexamethasone_8h,CLO_0001601,,
A549_Dex-treated,CLO_0001601,,
A549_ethanol_1h,CLO_0001601,,
A549_EtOH_0.02pct_Lung_Carcinoma,CLO_0001601,,
A549_lung_carcinoma,CLO_0001601,,
A549_TGFBeta_72h,CLO_0001601,,
A673,CLO_0001605,CLO:0001605;CLO:0001606,CLO:0001605;CLO:0001606
A-673,CLO_0001605,CLO:0001605;CLO:0001606,CLO:0001605;CLO:0001606
A673 STAG2 null,CLO_0001605,,
A673 STAG2 WT,CLO_0001605,,
A673/TR/shEF1 Cells,CLO_0001605,,
A-673_clone_Asp114_Ewing_sarcoma,CLO_0001605,,
A673_Ewing_sarcoma,CLO_0001605,,
A673_SA2 Rescue,CLO_0001605,,
A673_WT,CLO_0001605,,
A-673-clone-Asp114,CLO_0001605,,
acantholytic squamous carcinoma cell line:HCC1806,CLO_0003644,,
ACC-MESO-1,CLO_0050082,CLO:0050082,CLO:0050082
ACC-MESO-4,CLO_0050083,CLO:0050083,CLO:0050083
acute lymphoblastic leukemia (B-ALL) cell line:BALL-1,CLO_0037300,,
acute lymphoblastic leukemia (B-ALL) cell line:NALM-6,CLO_0007938,,
acute lymphoblastic leukemia (T-ALL) cell line:HPB-ALL,CLO_0003817,,
acute lymphoblastic leukemia (T-ALL) cell line:Jurkat,CLO_0007043,,
acute myeloid leukemia (FAB M0) cell line:KG-1,CLO_0007093,,
acute myeloid leukemia (FAB M1) cell line:HYT-1,CLO_0051543,,
acute myeloid leukemia (FAB M2) cell line:Kasumi-1,CLO_0007069,,
acute myeloid leukemia (FAB M2) cell line:Kasumi-6,CLO_0007072,,
acute myeloid leukemia (FAB M2) cell line:NKM-1,CLO_0009850,,
acute myeloid leukemia (FAB M3) cell line:HL60,CLO_0003775,,
acute myeloid leukemia (FAB M4) cell line:FKH-1,CLO_0050983,,
acute myeloid leukemia (FAB M4) cell line:HNT-34,CLO_0050982,,
acute myeloid leukemia (FAB M4eo) cell line:EoL-1,CLO_0002932,,
acute myeloid leukemia (FAB M4eo) cell line:EoL-3,CLO_0050997,,
acute myeloid leukemia (FAB M5) cell line:NOMO-1,CLO_0009851,,
acute myeloid leukemia (FAB M5) cell line:P31/FUJ,CLO_0009855,,
acute myeloid leukemia (FAB M5) cell line:THP-1 (fresh),CLO_0009348,,
acute myeloid leukemia (FAB M5) cell line:THP-1 (revived),CLO_0009348,,
acute myeloid leukemia (FAB M5) cell line:THP-1 (thawed),CLO_0009348,,
acute myeloid leukemia (FAB M5) cell line:U-937 DE-4,CLO_0050122,,
acute myeloid leukemia (FAB M6) cell line:EEB,CLO_0051023,,
acute myeloid leukemia (FAB M6) cell line:F-36E,CLO_0051545,,
acute myeloid leukemia (FAB M6) cell line:F-36P,CLO_0051549,,
acute myeloid leukemia (FAB M7) cell line:M-MOK,CLO_0051548,,
adrenal cortex adenocarcinoma cell line:SW-13,CLO_0009209,,
adult T-cell leukemia cell line:ATN-1,CLO_0050985,,
AG04449,CLO_0034837,CLO:0034837,CLO:0034837
AG04449_fibroblasts,CLO_0034837,,
AG09309,CLO_0021752,CLO:0021752,CLO:0021752
AG09309_fibroblasts,CLO_0021752,,
AG09319,CLO_0021754,CLO:0021754,CLO:0021754
AG09319_fibroblasts,CLO_0021754,,
AG10803,CLO_0021511,CLO:0021511,CLO:0021511
AG10803_fibroblasts,CLO_0021511,,
AGS,CLO_0001686,CLO:0001686,CLO:0001686
AGS_gastric_adenocarcinoma,CLO_0001686,,
alveolar cell carcinoma cell line:SW 1573,CLO_0009190,,
AN3 CA,CLO_0001722,CLO:0001722;CLO:0037160,CLO:0001722;CLO:0037160
anaplastic carcinoma cell line:8305C,CLO_0001510,,
anaplastic squamous cell carcinoma cell line:RPMI 2650,CLO_0008876,,
ARH-77,CLO_0001745,CLO:0001744;CLO:0001745,CLO:0001744;CLO:0001745
AsPC-1,CLO_0001756,CLO:0001756,CLO:0001756
AsPC1 WT,CLO_0001756,,
AsPC1_GFP_DOX,CLO_0001756,,
AsPC1_TP63dN_DOX,CLO_0001756,,
AsPC1-untreated,CLO_0001756,,
astrocytoma cell line:TM-31,CLO_0050635,,
ATN-1,CLO_0050985,CLO:0050985,CLO:0050985
AZ521,CLO_0050792,CLO:0037137;CLO:0050792,CLO:0037137;CLO:0050792
b cell line:RPMI1788,CLO_0051022,,
B lymphoblastoid cell line: GM12878 ENCODE biol_rep1,CLO_0022851,,
B lymphoblastoid cell line: GM12878 ENCODE biol_rep2,CLO_0022851,,
B lymphoblastoid cell line: GM12878 ENCODE biol_rep3,CLO_0022851,,
BALL-1,CLO_0037300,CLO:0037300;CLO:0051004;CLO:0051005,CLO:0037300;CLO:0051004;CLO:0051005
basal cell carcinoma cell line:TE 354.T,CLO_0009299,,
BC-1,CLO_0001887,CLO:0001887,CLO:0001887
BC3,CLO_0001891,CLO:0001890;CLO:0001891,CLO:0001890;CLO:0001891
BC-3,CLO_0001891,CLO:0001890;CLO:0001891,CLO:0001890;CLO:0001891
BC3_NUT,CLO_0001891,,
BC3_TPA_24H,CLO_0001891,,
BC3_TPA_4H,CLO_0001891,,
BCPAP,CLO_0001906,CLO:0001906,CLO:0001906
B-CPAP,CLO_0001906,CLO:0001906,CLO:0001906
BCPAP_Poorly_differentiated_thyroid_gland_carcinoma,CLO_0001906,,
BE2,CLO_0001922,,
BeWo,CLO_0001935,CLO:0001934;CLO:0001935;CLO:0050014,CLO:0001934;CLO:0001935;CLO:0050014
BG01V,CLO_0003716,CLO:0003716,CLO:0003716
BICR-31,CLO_0009943,CLO:0009943,CLO:0009943
BICR31_Tongue_squamous_cell_carcinoma_cell,CLO_0009943,,
bile duct carcinoma cell line:HuCCT1,CLO_0050009,,
bile duct carcinoma cell line:TFK-1,CLO_0009330,,
biphenotypic B myelomonocytic leukemia cell line:MV-4-11,CLO_0007906,,
BJ,CLO_0001980,,
bj,CLO_0001980,,
BJ/ET,CLO_0001980,,
BJ_fibroblasts,CLO_0001980,,
BJ1-hTERT,CLO_0001981,CLO:0001981,CLO:0001981
BJ5ta,CLO_0001981,,
bone marrow stromal cell line:StromaNKtert,CLO_0051546,,
breast carcinoma cell line:MCF7,CLO_0007606,,
breast carcinoma cell line:MDA-MB-453,CLO_0007640,,
bronchioalveolar carcinoma cell line:NCI-H358,CLO_0008085,,
bronchogenic carcinoma cell line:ChaGo-K-1,CLO_0002413,,
BT_549,CLO_0002044,,
BT474,CLO_0002042,CLO:0002042,CLO:0002042
BT-474,CLO_0002042,CLO:0002042,CLO:0002042
BT-474_breast_invasive_ductal_carcinoma,CLO_0002042,,
BT-474_breast_invasive_ductal_carcinoma_AICAR,CLO_0002042,,
BT-474_breast_invasive_ductal_carcinoma_EGF,CLO_0002042,,
BT-474_breast_invasive_ductal_carcinoma_HRG,CLO_0002042,,
BT549,CLO_0002044,CLO:0002044,CLO:0002044
BT-549,CLO_0002044,CLO:0002044,CLO:0002044
BT-549_breast_invasive_ductal_carcinoma,CLO_0002044,,
BT-549_breast_invasive_ductal_carcinoma_TNF,CLO_0002044,,
Burkitt's lymphoma cell line:DAUDI,CLO_0002708,,
Burkitt's lymphoma cell line:RAJI,CLO_0008734,,
BxPC-3,CLO_0002065,CLO:0002065,CLO:0002065
BxPC3 WT,CLO_0002065,,
BxPC3_sgNEG,CLO_0002065,,
BxPC3_sgTP63,CLO_0002065,,
BxPC3-untreated,CLO_0002065,,
C-33A,CLO_0002115,CLO:0002115,CLO:0002115
C4-2,CLO_0037116,,
C4-2B,CLO_0037116,,
C4-2B_SR2211_24h,CLO_0037116,,
C4-2B_vehicle_24h,CLO_0037116,,
Ca Ski,CLO_0002165,CLO:0002165;CLO:0002201;CLO:0050930,CLO:0002165;CLO:0002201;CLO:0050930
CA46,CLO_0002168,CLO:0002168,CLO:0002168
CA-46_Burkitt_lymphoma,CLO_0002168,,
Ca9-22,CLO_0051380,CLO:0051380,CLO:0051380
Caco-2,CLO_0002172,CLO:0002172;CLO:0050627,CLO:0002172;CLO:0050627
CACO-2,CLO_0002172,CLO:0002172;CLO:0050627,CLO:0002172;CLO:0050627
Caco-2_colon_adenocarcinoma,CLO_0002172,,
Caco-2_colon_adenocarcinoma_DIFF,CLO_0002172,,
Caco-2_colon_adenocarcinoma_PROLIF,CLO_0002172,,
Caki2,CLO_0002177,CLO:0002177,CLO:0002177
Cal27,CLO_0002178,CLO:0002178;CLO:0002182,CLO:0002178;CLO:0002182
CAL51,CLO_0002185,CLO:0002185,CLO:0002185
Calu-1,CLO_0002191,CLO:0002191,CLO:0002191
Calu-3,CLO_0002192,CLO:0002192,CLO:0002192
Calu-3_lung_adenocarcinoma,CLO_0002192,,
Calu-6,CLO_0002193,CLO:0002193,CLO:0002193
CAMA1 ER+/FGFR1-amplified,CLO_0002194,,
CAOV4,CLO_0002196,CLO:0002196,CLO:0002196
CAOV4cis,CLO_0002196,,
CAPAN1,CLO_0002197,CLO:0002197,CLO:0002197
Capan1-untreated,CLO_0002197,,
CAPAN2,CLO_0002198,CLO:0002198,CLO:0002198
carcinoid cell line:NCI-H1770,CLO_0008017,,
carcinoid cell line:SK-PN-DW,CLO_0009064,,
carcinosarcoma cell line:JHUCS-1,CLO_0050879,,
CaSki,CLO_0002165,CLO:0002165;CLO:0002201;CLO:0050930,CLO:0002165;CLO:0002201;CLO:0050930
Caski,CLO_0002165,CLO:0002165;CLO:0002201;CLO:0050930,CLO:0002165;CLO:0002201;CLO:0050930
CCRFCEM,CLO_0002334,CLO:0002334;CLO:0015478;CLO:0050143,CLO:0002334;CLO:0015478;CLO:0050143
CCRF-CEM,CLO_0002334,CLO:0002334;CLO:0015478;CLO:0050143,CLO:0002334;CLO:0015478;CLO:0050143
CCRF-CEM_T_acute_lymphoblastic_leukemia,CLO_0002334,,
cervical cancer cell line:D98-AH2,CLO_0002683,,
cervical cancer cell line:ME-180,CLO_0007657,,
CFPAC1,CLO_0002395,CLO:0002395,CLO:0002395
CFPAC-1,CLO_0002395,CLO:0002395,CLO:0002395
ChaGo-K-1,CLO_0002413,CLO:0002413,CLO:0002413
Chang liver,CLO_0002415,CLO:0002414;CLO:0002415,CLO:0002414;CLO:0002415
CHL-1,CLO_0002420,CLO:0002420,CLO:0002420
cholangiocellular carcinoma cell line:HuH-28,CLO_0050855,,
choriocarcinoma cell line:BeWo,CLO_0001935,,
choriocarcinoma cell line:SCH,CLO_0037148,,
choriocarcinoma cell line:T3M-3,CLO_0050641,,
CHP-126,CLO_0002472,CLO:0002472;CLO:0050266,CLO:0002472;CLO:0050266
CHP-134,CLO_0051417,CLO:0051417,CLO:0051417
CHP212,CLO_0002467,CLO:0002467;CLO:0002473;CLO:0050261,CLO:0002467;CLO:0002473;CLO:0050261
chronic lymphocytic leukemia (T-CLL) cell line:SKW-3,CLO_0009068,,
chronic myeloblastic leukemia (CML) cell line:KCL-22,CLO_0009841,,
chronic myelogenous leukemia cell line:K562,CLO_0007059,,
chronic myelogenous leukemia cell line:K562 ENCODE biol_rep1,CLO_0007059,,
chronic myelogenous leukemia cell line:K562 ENCODE biol_rep2,CLO_0007059,,
chronic myelogenous leukemia cell line:K562 ENCODE biol_rep3,CLO_0007059,,
chronic myelogenous leukemia cell line:KU812,CLO_0007125,,
clear cell carcinoma cell line:JHOC-5,CLO_0051439,,
clear cell carcinoma cell line:TEN,CLO_0050884,,
CMK,CLO_0002526,CLO:0002526,CLO:0002526
CMK_acute_megakaryoblastic_leukemia,CLO_0002526,,
cold shocked K562,CLO_0007059,,
COLO 679,CLO_0002551,CLO:0002551;CLO:0037120;CLO:0050697,CLO:0002551;CLO:0037120;CLO:0050697
COLO 829,CLO_0002563,CLO:0002563;CLO:0037123,CLO:0002563;CLO:0037123
Colo205,CLO_0002544,CLO:0002544;CLO:0050630;CLO:0051333,CLO:0002544;CLO:0050630;CLO:0051333
COLO205,CLO_0002544,CLO:0002544;CLO:0050630;CLO:0051333,CLO:0002544;CLO:0050630;CLO:0051333
COLO-205,CLO_0002544,CLO:0002544;CLO:0050630,CLO:0002544;CLO:0050630
Colo320,CLO_0002571,CLO:0002571;CLO:0050628,CLO:0002571;CLO:0050628
COLO-320,CLO_0002571,CLO:0002571;CLO:0050628,CLO:0002571;CLO:0050628
COLO-320_colon_adenocarcinoma,CLO_0002571,,
COLO320-DM_DMSO,CLO_0002571,,
COLO320HSR_DMSO,CLO_0002571,,
COLO679,CLO_0002551,CLO:0002551;CLO:0037120;CLO:0050697,CLO:0002551;CLO:0037120;CLO:0050697
Colo741,CLO_0002558,CLO:0002558,CLO:0002558
COLO-741,CLO_0002558,CLO:0002558,CLO:0002558
COLO-800,CLO_0037121,CLO:0002561;CLO:0037121,CLO:0002561;CLO:0037121
COLO800_human_melanoma_cells,CLO_0037121,,
Colo829,CLO_0002563,CLO:0002563;CLO:0037123,CLO:0002563;CLO:0037123
COLO-829,CLO_0002563,CLO:0002563;CLO:0037123,CLO:0002563;CLO:0037123
COLO-829_melanoma,CLO_0002563,,
colon carcinoma cell line:CACO-2,CLO_0002172,,
colon carcinoma cell line:COLO-320,CLO_0002571,,
COR-L311,CLO_0002591,CLO:0002591,CLO:0002591
CS1AN_Cockayne_syndrome,CLO_0028821,,
CTB-1,CLO_0050077,CLO:0050077,CLO:0050077
CTV-1,CLO_0002638,CLO:0002638,CLO:0002638
CWR22_prostate_carcinoma,CLO_0001200,,
CWR22Rv1,CLO_0001200,CLO:0001199;CLO:0001200,CLO:0001199;CLO:0001200
D283 Med,CLO_0002673,CLO:0002673,CLO:0002673
D283_1,CLO_0002673,,
D283_2,CLO_0002673,,
D283_3,CLO_0002673,,
D283_4,CLO_0002673,,
D283_Med_medulloblastoma,CLO_0002673,,
D341_1,CLO_0002677,,
D341_10,CLO_0002677,,
D341_11,CLO_0002677,,
D341_2,CLO_0002677,,
D341_3,CLO_0002677,,
D341_4,CLO_0002677,,
D341_5,CLO_0002677,,
D341_6,CLO_0002677,,
D341_7,CLO_0002677,,
D341_8,CLO_0002677,,
D341_9,CLO_0002677,,
D341_Med_medulloblastoma,CLO_0002677,,
D341-Med,CLO_0002677,,
D98-AH2,CLO_0002683,,
DAOY,CLO_0002699,CLO:0002699,CLO:0002699
DAOY_medulloblastoma,CLO_0002699,,
DAUDI,CLO_0002708,CLO:0002708;CLO:0013411;CLO:0013740;CLO:0050991,CLO:0002708;CLO:0013411;CLO:0013740;CLO:0050991
Daudi,CLO_0002708,CLO:0002708;CLO:0013411;CLO:0013740;CLO:0050991,CLO:0002708;CLO:0013411;CLO:0013740;CLO:0050991
David_TC71,CLO_0009879,,
db,CLO_0002709,CLO:0002709,CLO:0002709
DBTRG,CLO_0002723,CLO:0002722;CLO:0002723,CLO:0002722;CLO:0002723
Detroit 562,CLO_0002752,CLO:0002752,CLO:0002752
Detroit 562_LPS,CLO_0002752,,
Detroit 562-Control,CLO_0002752,,
Detroit_562_Pharyngeal_squamous_cell_carcinoma,CLO_0002752,,
Detroit562,CLO_0002752,CLO:0002752,CLO:0002752
Detroit-562,CLO_0002752,CLO:0002752,CLO:0002752
DHL-4,CLO_0037061,CLO:0037061,CLO:0037061
DHL6,CLO_0037063,CLO:0037063,CLO:0037063
diffuse large B-cell lymphoma cell line:CTB-1,CLO_0050077,,
DJM-1,CLO_0050680,CLO:0050680,CLO:0050680
DLD,CLO_0002785,,
DLD1,CLO_0002785,CLO:0002785,CLO:0002785
DLD-1,CLO_0002785,CLO:0002785,CLO:0002785
DLD-1_colon_adenocarcinoma,CLO_0002785,,
DLD1_WT,CLO_0002785,,
DMS79,CLO_0002800,CLO:0002800;CLO:0002802,CLO:0002800;CLO:0002802
DND_41,CLO_0009834,,
DND41,CLO_0009834,CLO:0009834,CLO:0009834
Dnd41,CLO_0009834,CLO:0009834,CLO:0009834
DND-41,CLO_0009834,CLO:0009834,CLO:0009834
Dnd41 T cell leukaemia,CLO_0009834,,
Dnd41 TCell Leukemia Cell Line,CLO_0009834,,
DND41_acute_lymphoblastic_leukemia,CLO_0009834,,
Dnd41_TCell_Leukemia,CLO_0009834,,
DOHH2,CLO_0002805,CLO:0002805;CLO:0037050,CLO:0002805;CLO:0037050
DOHH2_diffuse_large_B-cell_lymphoma,CLO_0002805,,
DS-1,CLO_0002821,,
DU145,CLO_0002840,CLO:0002840;CLO:0051536,CLO:0002840;CLO:0051536
du145,CLO_0002840,CLO:0002840;CLO:0051536,CLO:0002840;CLO:0051536
DU-145,CLO_0002840,CLO:0002840;CLO:0051536,CLO:0002840;CLO:0051536
DU145_prostate_carcinoma,CLO_0002840,,
DU145_prostate_carcinoma_ARG56W,CLO_0002840,,
DU145_prostate_carcinoma_ARQ6540X,CLO_0002840,,
DU145_prostate_carcinoma_FOXA1_ARC562S,CLO_0002840,,
DU145_prostate_carcinoma_FOXA1_ARQ6540X,CLO_0002840,,
DU145_prostate_carcinoma_FOXA1_HIGH,CLO_0002840,,
DU4475,CLO_0002842,CLO:0002842,CLO:0002842
ductal cell carcinoma cell line:KLM-1,CLO_0050104,,
ductal cell carcinoma cell line:MIA Paca2,CLO_0007726,,
EBC-1,CLO_0050039,CLO:0050039,CLO:0050039
ECC-1,CLO_0037231,CLO:0037231,CLO:0037231
ECC-1_endometrial_adenocarcinoma,CLO_0037231,,
ECC10,CLO_0050796,CLO:0050796,CLO:0050796
ECC12,CLO_0050807,CLO:0050807,CLO:0050807
ECC4,CLO_0051398,,
EC-GI-10,CLO_0051378,CLO:0051378,CLO:0051378
EEB,CLO_0051023,CLO:0051023,CLO:0051023
EM-3,CLO_0002923,CLO:0002923,CLO:0002923
embryonic kidney cell line: HEK293/SLAM infection 24hr,CLO_0001230,,
embryonic kidney cell line: HEK293/SLAM untreated,CLO_0001230,,
embryonic pancreas cell line:1B2C6,CLO_0050258,,
embryonic pancreas cell line:1C3D3,CLO_0050259,,
embryonic pancreas cell line:1C3IKEI,CLO_0050257,,
embryonic pancreas cell line:2C6,CLO_0050256,,
endometrial carcinoma cell line:OMC-2,CLO_0050887,,
Endometrial Carcinoma Cell Lines Ishikawa,CLO_0037163,,
endometrial stromal sarcoma cell line:OMC-9,CLO_0050888,,
endometrioid adenocarcinoma cell line:JHUEM-1,CLO_0050873,,
EoL-1,CLO_0002932,CLO:0002932;CLO:0002933;CLO:0050996,CLO:0002932;CLO:0002933;CLO:0050996
EOL-1_Acute_myeloid_leukemia,CLO_0002932,,
EOL1_Naive,CLO_0002932,,
EoL-3,CLO_0050997,CLO:0050997,CLO:0050997
epidermoid carcinoma cell line:A431,CLO_0001591,,
epidermoid carcinoma cell line:Ca Ski,CLO_0002165,,
epithelioid sarcoma cell line:HS-ES-1,CLO_0050148,,
epitheloid carcinoma cell line: HelaS3 ENCODE biol_rep1,CLO_0003696,,
epitheloid carcinoma cell line: HelaS3 ENCODE biol_rep2,CLO_0003696,,
epitheloid carcinoma cell line: HelaS3 ENCODE biol_rep3,CLO_0003696,,
esc-h1,CLO_0037281,,
esc-h1-3il,CLO_0037281,,
Ewing's sarcoma cell line:Hs 863.T,CLO_0004166,,
extraskeletal myxoid chondrosarcoma cell line:H-EMC-SS,CLO_0003701,,
F-36E,CLO_0051545,CLO:0051545,CLO:0051545
F-36P,CLO_0051549,CLO:0051549,CLO:0051549
FHs 74 Int,CLO_0003245,CLO:0003245,CLO:0003245
fibrosarcoma cell line:HT-1080,CLO_0004276,,
fibrous histiocytoma cell line:GCT TIB-223,CLO_0003464,,
FKH-1,CLO_0050983,CLO:0050983,CLO:0050983
FLP-IN T-REX 293 CELLS,CLO_0037238,,
FU97,CLO_0037138,CLO:0037138,CLO:0037138
FU-RPNT-1,CLO_0050891,CLO:0050891,CLO:0050891
FU-RPNT-2,CLO_0050901,CLO:0050901,CLO:0050901
G-361,CLO_0003433,CLO:0003433;CLO:0050698,CLO:0003433;CLO:0050698
G401,CLO_0003434,CLO:0003434,CLO:0003434
G-401,CLO_0003434,CLO:0003434,CLO:0003434
G401_Dox,CLO_0003434,,
G401_NoDox,CLO_0003434,,
G401_rhabdoid_tumor_of_the_kidney,CLO_0003434,,
G-402,CLO_0003435,CLO:0003435,CLO:0003435
gall bladder carcinoma cell line:TGBC14TKB,CLO_0050016,,
gall bladder carcinoma cell line:TGBC2TKB,CLO_0009348,,
gastric adenocarcinoma cell line:MKN1,CLO_0050804,,
gastric adenocarcinoma cell line:MKN45,CLO_0037142,,
gastric cancer cell line:AZ521,CLO_0050792,,
gastrointestinal carcinoma cell line:ECC12,CLO_0050807,,
GBM_2493,CLO_0003456,,
GBM01,CLO_0003456,,
GBM02,CLO_0003456,,
GBM03,CLO_0003456,,
GBM04,CLO_0003456,,
GBM05,CLO_0003456,,
GBM07,CLO_0003456,,
GBM08,CLO_0003456,,
GBM09,CLO_0003456,,
GBM10,CLO_0003456,,
GBM11,CLO_0003456,,
GBM12,CLO_0003456,,
GBM13,CLO_0003456,,
GBM14,CLO_0003456,,
GBM15,CLO_0003456,,
GBM16,CLO_0003456,,
GBM17,CLO_0003456,,
GBM18,CLO_0003456,,
GBM21,CLO_0003456,,
GBM22,CLO_0003456,,
GBM24,CLO_0003456,,
GBM25,CLO_0003456,,
GBM26,CLO_0003456,,
GBM27,CLO_0003456,,
GBM28,CLO_0003456,,
GBM29,CLO_0003456,,
GBM30,CLO_0003456,,
GBM31,CLO_0003456,,
GBM32,CLO_0003456,,
GBM33,CLO_0003456,,
GBM34,CLO_0003456,,
GBM35,CLO_0003456,,
GBM36,CLO_0003456,,
GBM37,CLO_0003456,,
GBM38,CLO_0003456,,
GCT TIB-223,CLO_0003464,,
GI-1,CLO_0050634,CLO:0050634,CLO:0050634
giant cell carcinoma cell line:LU65,CLO_0050059,,
giant cell carcinoma cell line:Lu99B,CLO_0050042,,
GICAN,CLO_0003492,CLO:0003492,CLO:0003492
GIMEN,CLO_0003494,CLO:0003494,CLO:0003494
glassy cell carcinoma cell line:HOKUG,CLO_0050937,,
glioblastoma cell line:A172,CLO_0001560,,
glioblastoma cell line:A172 tech_rep2,CLO_0001560,,
glioblastoma cell line:T98G,CLO_0009258,,
glioma cell line:GI-1,CLO_0050634,,
GM00011,CLO_0025204,CLO:0025204,CLO:0025204
GM00011_fetal_skin_fibroblasts,CLO_0025204,,
GM01310,CLO_0030914,CLO:0013895;CLO:0030914,CLO:0013895;CLO:0030914
GM04025,CLO_0016229,CLO:0016229,CLO:0016229
GM04604,CLO_0018911,CLO:0018911,CLO:0018911
GM04648,CLO_0018967,CLO:0018967,CLO:0018967
GM06077,CLO_0023602,CLO:0023602,CLO:0023602
GM06170,CLO_0023567,CLO:0023567,CLO:0023567
GM06170_fetal_skin_fibroblasts,CLO_0023567,,
GM06990,CLO_0036556,CLO:0036556,CLO:0036556
GM06990_female_B-cells,CLO_0036556,,
GM08714,CLO_0010422,CLO:0010422,CLO:0010422
GM09236,CLO_0012038,CLO:0012038,CLO:0012038
GM09237,CLO_0012037,CLO:0012037,CLO:0012037
GM10248,CLO_0029222,CLO:0029222,CLO:0029222
GM10248_male_B-cells,CLO_0029222,,
GM10266,CLO_0029187,CLO:0029187,CLO:0029187
GM10266_male_B-cells,CLO_0029187,,
GM10847,CLO_0023758,CLO:0023758,CLO:0023758
gm10847,CLO_0023758,CLO:0023758,CLO:0023758
GM10847_female_B-cells_Lymphoblastoid_Cell_Lines,CLO_0023758,,
GM10861_female_B-cells,CLO_0024094,,
GM12004,CLO_0020480,CLO:0020480,CLO:0020480
GM12750,CLO_0022579,CLO:0022579,CLO:0022579
GM12801,CLO_0022626,CLO:0022626,CLO:0022626
GM12801_male_B-cells,CLO_0022626,,
GM12864,CLO_0022833,CLO:0022833,CLO:0022833
GM12864_male_B-cells,CLO_0022833,,
GM12865,CLO_0022834,CLO:0022834,CLO:0022834
GM12865_female_B-cells,CLO_0022834,,
GM12866,CLO_0022825,CLO:0022825,CLO:0022825
GM12866_male_B-cells,CLO_0022825,,
GM12867,CLO_0022824,CLO:0022824,CLO:0022824
GM12867_female_B-cells,CLO_0022824,,
GM12868,CLO_0022827,CLO:0022827,CLO:0022827
GM12868_female_B-cells,CLO_0022827,,
GM12869,CLO_0022826,CLO:0022826,CLO:0022826
GM12869_female_B-cells,CLO_0022826,,
GM12870,CLO_0022829,CLO:0022829,CLO:0022829
GM12870_male_B-cells,CLO_0022829,,
GM12871,CLO_0022828,CLO:0022828,CLO:0022828
GM12871_male_B-cells,CLO_0022828,,
GM12872,CLO_0022836,CLO:0022836,CLO:0022836
GM12872_male_B-cells,CLO_0022836,,
GM12873,CLO_0022835,CLO:0022835,CLO:0022835
GM12873_female_B-cells,CLO_0022835,,
GM12874,CLO_0022838,CLO:0022838,CLO:0022838
GM12874_male_B-cells,CLO_0022838,,
GM12875,CLO_0022837,CLO:0022837,CLO:0022837
GM12875_female_B-cells,CLO_0022837,,
GM12878,CLO_0022851,CLO:0022851,CLO:0022851
gm12878,CLO_0022851,CLO:0022851,CLO:0022851
GM12878 ENCODE,CLO_0022851,,
GM12878 lymphoblastoid,CLO_0022851,,
GM12878 Lymphoblastoid Cells,CLO_0022851,,
GM12878_female_B-cells_lymphoblastoid_cell_line,CLO_0022851,,
GM12878_high,CLO_0022851,,
GM12878_Lymphoblastoid,CLO_0022851,,
GM12878_WT,CLO_0022851,,
gm12890,CLO_0022858,CLO:0022858,CLO:0022858
GM12891,CLO_0022859,CLO:0022859,CLO:0022859
gm12891,CLO_0022859,CLO:0022859,CLO:0022859
GM12891_male_B-_cells_lymphoblastoid_cell_line,CLO_0022859,,
GM12892,CLO_0022856,CLO:0022856,CLO:0022856
gm12892,CLO_0022856,CLO:0022856,CLO:0022856
GM12892_female_B-cells_lymphoblastoid_cell_line,CLO_0022856,,
GM13976,CLO_0033830,CLO:0033830,CLO:0033830
GM13977,CLO_0033829,CLO:0033829,CLO:0033829
GM13977_female_B-cells,CLO_0033829,,
GM15510,CLO_0028068,CLO:0028068,CLO:0028068
GM15510_B-cells,CLO_0028068,,
GM15850,CLO_0027780,CLO:0027780,CLO:0027780
GM15850 LCLs (FRDA),CLO_0027780,,
GM17942,CLO_0016285,CLO:0016285,CLO:0016285
GM17942_lymphoblastoid_cell,CLO_0016285,,
GM18486,CLO_0024943,CLO:0024943,CLO:0024943
gm18486,CLO_0024943,CLO:0024943,CLO:0024943
GM18486_Lymphoblastoid_Cell_Lines,CLO_0024943,,
GM18505,CLO_0024913,CLO:0024913,CLO:0024913
gm18505,CLO_0024913,CLO:0024913,CLO:0024913
GM18505_female_B-cells_Lymphoblastoid_Cell_Lines,CLO_0024913,,
GM18507,CLO_0024916,CLO:0024916,CLO:0024916
GM18508,CLO_0024919,CLO:0024919,CLO:0024919
GM18516,CLO_0024892,CLO:0024892,CLO:0024892
GM18522,CLO_0024894,CLO:0024894,CLO:0024894
GM18526,CLO_0024847,CLO:0024847,CLO:0024847
gm18526,CLO_0024847,CLO:0024847,CLO:0024847
GM18526_B__cells_Lymphoblastoid_Cell_Lines,CLO_0024847,,
GM18951,CLO_0026303,CLO:0026303,CLO:0026303
gm18951,CLO_0026303,CLO:0026303,CLO:0026303
GM18951_B-cells_Lymphoblastoid_Cell_Lines,CLO_0026303,,
GM19099,CLO_0025875,CLO:0025875,CLO:0025875
gm19099,CLO_0025875,CLO:0025875,CLO:0025875
GM19099_female_B-cells_Lymphoblastoid_Cell_Lines,CLO_0025875,,
GM19141,CLO_0025641,CLO:0025641,CLO:0025641
GM19193,CLO_0027332,CLO:0027332,CLO:0027332
gm19193,CLO_0027332,CLO:0027332,CLO:0027332
GM19193_female_B-cells_Lymphoblastoid_Cell_Lines,CLO_0027332,,
GM19238,CLO_0027146,CLO:0027146,CLO:0027146
gm19238,CLO_0027146,CLO:0027146,CLO:0027146
GM19238_female_B-cells_lymphoblastoid_cell_lines,CLO_0027146,,
GM19239,CLO_0027144,CLO:0027144,CLO:0027144
gm19239,CLO_0027144,CLO:0027144,CLO:0027144
GM19239_male_B-cells_lymphoblastoid_cell_line,CLO_0027144,,
GM19240,CLO_0027143,CLO:0027143,CLO:0027143
gm19240,CLO_0027143,CLO:0027143,CLO:0027143
GM19240_B_cells_Lymphoblastoid_Cell_Lines,CLO_0027143,,
GM20000,CLO_0028368,CLO:0028368,CLO:0028368
GM20000_B-cells,CLO_0028368,,
GM-6114,CLO_0023641,,
GP5D,CLO_0003555,CLO:0003555,CLO:0003555
GP5d_colon_adenocarcinoma,CLO_0003555,,
GP5d_colon_adenocarcinoma_SIRAD21,CLO_0003555,,
GRANTA_519,CLO_0003561,,
GRANTA-519,CLO_0003561,CLO:0003561,CLO:0003561
GRANT-A519,CLO_0003561,,
granulosa cell tumor cell line:KGN,CLO_0051454,,
GSS,CLO_0050795,CLO:0050795,CLO:0050795
H1,CLO_0037281,CLO:0037281,CLO:0037281
H-1,CLO_0037281,CLO:0050125,CLO:0050125
H1 cells,CLO_0037281,,CLO:0037281
H1 Cells,CLO_0037281,,CLO:0037281
H1_Cell_Line,CLO_0037281,,
H1_hESC_2,CLO_0037281,,
H1_hESC_3,CLO_0037281,,
H1_shLuc,CLO_0037281,,
H1_shZNF587,CLO_0037281,,
H128,CLO_0007985,CLO:0007985,CLO:0007985
H1299 WT,CLO_0007986,,
H1703 Control-infected,CLO_0008014,,
H1703 SMARCA2-infected,CLO_0008014,,
H1703 SMARCA4-infected,CLO_0008014,,
H1-ESC,CLO_0037281,,
H1-hESC,CLO_0037281,CLO:0037281,CLO:0037281
H1-hESC_2,CLO_0037281,,
H1-hESC_3,CLO_0037281,,
H2087,CLO_0008048,CLO:0008048,CLO:0008048
H2087_LCC2,CLO_0008048,,
H2087_Parental,CLO_0008048,,
H2171,CLO_0008060,CLO:0008060,CLO:0008060
H23,CLO_0008071,CLO:0008071,CLO:0008071
H295R,CLO_0008082,CLO:0008082,CLO:0008082
H295R_adrenal_cortex_carcinoma,CLO_0008082,,
H295R_adrenal_cortex_carcinoma_SF1,CLO_0008082,,
H3122 DMSO,CLO_0037033,,
H3122_LR,CLO_0037033,,
H3122_LR_Pano,CLO_0037033,,
H3122_untreated,CLO_0037033,,
H358,CLO_0008085,CLO:0008085,CLO:0008085
H441,CLO_0008087,CLO:0008087,CLO:0008087
H69,CLO_0008105,CLO:0003609;CLO:0008105,CLO:0003609;CLO:0008105
H69_TGF beta_16h_1,CLO_0008105,,
H69_TGF beta_16h_2,CLO_0008105,,
H69_TGF Vehicle_1,CLO_0008105,,
H69_TGF Vehicle_2,CLO_0008105,,
H69M,CLO_0008105,,
H82,CLO_0008118,CLO:0008118,CLO:0008118
H9,CLO_0003612,CLO:0003581;CLO:0003612;CLO:0037313,CLO:0003581;CLO:0003612;CLO:0037313
H9 cells,CLO_0003612,,CLO:0003581;CLO:0003612;CLO:0037313
H9 Cells,CLO_0003612,,CLO:0003581;CLO:0003612;CLO:0037313
H9 UTXKO,CLO_0003612,,
H9 WT,CLO_0003612,,
H9 WT_1,CLO_0003612,,
H9_ Undifferentiated,CLO_0003612,,
H9_0Dox,CLO_0003612,,
H9_1,CLO_0003612,,
H9_Cell_Line,CLO_0003612,,
H9_ESC,CLO_0003612,,
H9_Het,CLO_0003612,,
H9_Mesendoderm 24h_Hydroxyurea,CLO_0003612,,
H9_Mesendoderm_24h,CLO_0003612,,
H9_naive,CLO_0003612,,
H9_Null,CLO_0003612,,
H9_Null+EZH2,CLO_0003612,,
H9_primed,CLO_0003612,,
H9_WT,CLO_0003612,,
H929,CLO_0008127,CLO:0008127,CLO:0008127
H929_plasma_cell_myeloma,CLO_0008127,,
HaCaT,CLO_0053179,,
HACAT,CLO_0053179,,
HaCaT_keratinocytes,CLO_0053179,,
HaCaT_keratinocytes_caRAS_TGFB,CLO_0053179,,
HaCaT_keratinocytes_dnRAS_TGFB,CLO_0053179,,
HaCaT_keratinocytes_LacZ,CLO_0053179,,
HaCaT_keratinocytes_LacZ_TGFB,CLO_0053179,,
hairy cell leukemia cell line:Mo,CLO_0007815,,
HBL1,CLO_0037256,CLO:0037256,CLO:0037256
HBL1_diffuse_large_B-cell_lymphoma,CLO_0037256,,
HCC1143,CLO_0003630,CLO:0003630,CLO:0003630
HCC1143_ductal_breast_carcinoma,CLO_0003630,,
HCC1187,CLO_0003632,CLO:0003632,CLO:0003632
HCC1395,CLO_0003634,CLO:0003634,CLO:0003634
HCC1428,CLO_0003637,CLO:0003637,CLO:0003637
HCC-1428_breast_adenocarcinoma,CLO_0003637,,
HCC-15,CLO_0009999,CLO:0009999,CLO:0009999
HCC1599,CLO_0003641,CLO:0003641,CLO:0003641
HCC1599_GSI,CLO_0003641,,
HCC1599_WO,CLO_0003641,,
HCC-1599ductal_breast_carcinoma,CLO_0003641,,
HCC1806,CLO_0003644,CLO:0003644,CLO:0003644
HCC1937,CLO_0003645,CLO:0003645,CLO:0003645
HCC1954,CLO_0003647,CLO:0003647,CLO:0003647
HCC1954_ductal_breast_carcinoma,CLO_0003647,,
HCC1954_LCC2,CLO_0003647,,
HCC1954_Parental,CLO_0003647,,
HCC2157,CLO_0003650,CLO:0003650,CLO:0003650
HCC70,CLO_0003658,CLO:0003658,CLO:0003658
hcc70,CLO_0003658,CLO:0003658,CLO:0003658
HCC70_ductal_breast_carcinoma,CLO_0003658,,
HCC70_Vehicle,CLO_0003658,,
HCC70_XY018,CLO_0003658,,
HCC827_lung_adenocarcinoma,CLO_0003659,,
HCT 116,CLO_0003665,CLO:0003665,CLO:0003665
HCT116,CLO_0003665,CLO:0003665,CLO:0003665
HCT-116,CLO_0003665,CLO:0003665,CLO:0003665
HCT116 DMSO,CLO_0003665,,
HCT116 TP53-/-_Nutlin3A,CLO_0003665,,
HCT116 TP53-/-_Nutlin-3A,CLO_0003665,,
HCT-116_colon_carcinoma,CLO_0003665,,
HCT-116_colon_carcinoma_5FU,CLO_0003665,,
HCT-116_colon_carcinoma_CAMP,CLO_0003665,,
HCT-116_colon_carcinoma_DMSO_KOATF3,CLO_0003665,,
HCT-116_colon_carcinoma_TCF4,CLO_0003665,,
HCT-116_colon_carcinoma_TCF4_DOX,CLO_0003665,,
HCT116_DMSO,CLO_0003665,,
HCT116_encode,CLO_0003665,,
HCT116_GLIS2.1-DMSO,CLO_0003665,,
HCT116_GLIS2.2-DMSO,CLO_0003665,,
HCT116_Heterozygous_ARID1A-KO,CLO_0003665,,
HCT116_Homozygous_ARID1A-KO,CLO_0003665,,
HCT116_IFN-beta_1h,CLO_0003665,,
HCT116_NONT,CLO_0003665,,
HCT116_Nutlin-3A,CLO_0003665,,
HCT116_Parental,CLO_0003665,,
HCT116_shPAF1,CLO_0003665,,
HCT116_siCtrl-5FU,CLO_0003665,,
HCT116_siGLIS2.1-5FU,CLO_0003665,,
HCT116_siGLIS2.2-5FU,CLO_0003665,,
HCT-116-RAD21-mAC,CLO_0003665,,
HCT15,CLO_0003666,CLO:0003666,CLO:0003666
HCT-15,CLO_0003666,CLO:0003666,CLO:0003666
HCT-15_colon_carcinoma,CLO_0003666,,
Heart-derived sendai virus reprogrammed iPSC,CLO_0037307,,
heat shocked K562,CLO_0007059,,
HEC-1-A,CLO_0003674,CLO:0003674,CLO:0003674
HEC-1-B,CLO_0003675,CLO:0003675,CLO:0003675
HEK293,CLO_0001230,CLO:0001230;CLO:0050903,CLO:0001230;CLO:0050903
HEK-293,CLO_0001230,CLO:0001230;CLO:0050903,CLO:0001230;CLO:0050903
HEK293 no dox,CLO_0001230,,
HEK293_embryonic_kidney,CLO_0001230,,
HEK293_encode,CLO_0001230,,
HEK293_siBAHD1_W667G_mutant,CLO_0001230,,
HEK293_siBAHD1_WT,CLO_0001230,,
HEK293-A,CLO_0001230,,
HEK293A_empty-vector_DMSO_6h,CLO_0001230,,
HEK293A_WT-MEF2B_DMSO_6h,CLO_0001230,,
HEK293FT,CLO_0037237,,
HEK293-FT,CLO_0037237,,
HEK293-FT_human_embryonic_kidney_female_transformed,CLO_0037237,,
HEK293T,CLO_0037372,CLO:0050894,CLO:0050894
HEK293T_embryonic_kidney,CLO_0037372,,
HEK-MOR Cells,CLO_0001230,,
HEL,CLO_0003679,CLO:0003679;CLO:0023565,CLO:0003679;CLO:0023565
HEL_Erythro_Leukemia,CLO_0003679,,
HEL_sgLKB1e2,CLO_0003679,,
HEL_sgNeg2,CLO_0003679,,
HEL_sgSIK3e4,CLO_0003679,,
HEL92.1.7,CLO_0003682,CLO:0003682;CLO:0003683,CLO:0003682;CLO:0003683
HEL92.1.7_Drug resistant,CLO_0003682,,
HeLa,CLO_0003684,CLO:0003684;CLO:0050910,CLO:0003684;CLO:0050910
Hela,CLO_0003684,CLO:0003684;CLO:0050910,CLO:0003684;CLO:0050910
HeLa_1_low,CLO_0003684,,
HeLa_2_high,CLO_0003684,,
HeLa_cervical_adenocarcinoma,CLO_0003684,,
HeLa_S3,CLO_0003696,,
HeLa_S3_cervical_adenocarcinoma,CLO_0003696,,
HeLaS3,CLO_0003696,CLO:0003695;CLO:0003696;CLO:0003699;CLO:0050921;CLO:0050936,CLO:0003695;CLO:0003696;CLO:0003699;CLO:0050921;CLO:0050936
HelaS3,CLO_0003696,CLO:0003695;CLO:0003696;CLO:0003699;CLO:0050921;CLO:0050936,CLO:0003695;CLO:0003696;CLO:0003699;CLO:0050921;CLO:0050936
HeLa-S3,CLO_0003696,CLO:0003695;CLO:0003696;CLO:0003699;CLO:0050921;CLO:0050936,CLO:0003695;CLO:0003696;CLO:0003699;CLO:0050921;CLO:0050936
HeLa-S3 cervical carcinoma,CLO_0003696,,
HeLa-S3 Cervical Carcinoma Cell Line,CLO_0003696,,
HelaS3 ENCODE,CLO_0003696,,
HeLa-S3_Cervical_Carcinoma,CLO_0003696,,
H-EMC-SS,CLO_0003701,CLO:0003701;CLO:0051381,CLO:0003701;CLO:0051381
Hep G2,CLO_0003704,CLO:0003704;CLO:0003713;CLO:0050856;CLO:0050858,CLO:0003704;CLO:0003713;CLO:0050856;CLO:0050858
Hep-2 cells mock treated biol_rep1,CLO_0003706,,
Hep-2 cells mock treated biol_rep2,CLO_0003706,,
Hep-2 cells mock treated biol_rep3,CLO_0003706,,
Hep-2 cells treated with Streptococci strain 5448 biol_rep1,CLO_0003706,,
Hep-2 cells treated with Streptococci strain 5448 biol_rep2,CLO_0003706,,
Hep-2 cells treated with Streptococci strain 5448 biol_rep3,CLO_0003706,,
Hep-2 cells treated with Streptococci strain JRS4 biol_rep1,CLO_0003706,,
Hep-2 cells treated with Streptococci strain JRS4 biol_rep2,CLO_0003706,,
Hep-2 cells treated with Streptococci strain JRS4 biol_rep3,CLO_0003706,,
Hep3B,CLO_0003702,CLO:0003702;CLO:0003703;CLO:0003710,CLO:0003702;CLO:0003703;CLO:0003710
Hep-3B2-1-7,CLO_0003703,,
hepatoblastoma cell line:HuH-6,CLO_0050851,,
hepatocellular carcinoma cell line: HepG2 ENCODE biol_rep1,CLO_0003704,,
hepatocellular carcinoma cell line: HepG2 ENCODE biol_rep2,CLO_0003704,,
hepatocellular carcinoma cell line: HepG2 ENCODE biol_rep3,CLO_0003704,,
hepatoma cell line:Li-7,CLO_0050854,,
HepG2,CLO_0003704,CLO:0003704;CLO:0003713;CLO:0050856;CLO:0050858,CLO:0003704;CLO:0003713;CLO:0050856;CLO:0050858
Hep-G2,CLO_0003704,CLO:0003704;CLO:0003713;CLO:0050856;CLO:0050858,CLO:0003704;CLO:0003713;CLO:0050856;CLO:0050858
HepG2 ENCODE,CLO_0003704,,
HepG2 hepatocellular carcinoma,CLO_0003704,,
HepG2 Hepatocellular Carcinoma Cell Line,CLO_0003704,,
HepG2_hepatoblastoma,CLO_0003704,,
HepG2_Hepatocellular_Carcinoma,CLO_0003704,,
HepG2_shBRG1,CLO_0003704,,
HepG2_shNS,CLO_0003704,,
HEPM,CLO_0003714,CLO:0003714,CLO:0003714
hereditary spherocytic anemia cell line:WIL2-NS,CLO_0009604,,
hESC,CLO_0037280,,
hESC-1,CLO_0037281,,
hESC-1_Embryonic_stem_cells,CLO_0037281,,
hESC-1_Embryonic_stem_cells_DAMAGED,CLO_0037281,,
hESC-1_Embryonic_stem_cells_DIFF,CLO_0037281,,
hESC-1_Embryonic_stem_cells_DIFF_D0,CLO_0037281,,
hESC-1_Embryonic_stem_cells_DIFF_D1,CLO_0037281,,
hESC-1_Embryonic_stem_cells_DIFF_D2,CLO_0037281,,
hESC-1_Embryonic_stem_cells_NAIVE,CLO_0037281,,
hESC-1_Embryonic_stem_cells_PRIMED,CLO_0037281,,
hESC-1_Embryonic_stem_cells_WNT3A,CLO_0037281,,
HFL-1,CLO_0003733,CLO:0003734,CLO:0003734
HFOB,CLO_0003737,CLO:0003737,CLO:0003737
hFOB_1_19_fetal_osteoblast,CLO_0003737,,
hFOB_differentiated,CLO_0003737,,
hFOB_JQ1_differentiated,CLO_0003737,,
hFOB_undifferentiated,CLO_0003737,,
HFWT,CLO_0050899,CLO:0050899,CLO:0050899
HGRT,CLO_0050118,CLO:0050118,CLO:0050118
hiPSC,CLO_0037308,,
hiPSC_INHI,CLO_0037308,,
hiPSC_KDP53_INHI,CLO_0037308,,
HIRS-BM,CLO_0051382,CLO:0051382,CLO:0051382
HK-2,CLO_0003771,CLO:0003771,CLO:0003771
HKBMM,CLO_0050633,CLO:0050633,CLO:0050633
HL60,CLO_0003775,CLO:0003775;CLO:0050972,CLO:0003775;CLO:0050972
HL-60,CLO_0003775,CLO:0003775;CLO:0050972,CLO:0003775;CLO:0050972
HL-60_acute_myeloid_leukemia,CLO_0003775,,
HL-60_CTRL,CLO_0003775,,
HL-60_PMA_16h,CLO_0003775,,
HL-60_WT,CLO_0003775,,
HME1,CLO_0004291,CLO:0004291;CLO:0037172,CLO:0004291;CLO:0037172
HNT-34,CLO_0050982,CLO:0050982,CLO:0050982
HO-1-u-1,CLO_0051384,CLO:0051384,CLO:0051384
HOKUG,CLO_0050937,CLO:0050937,CLO:0050937
HOS,CLO_0003795,CLO:0003795;CLO:0050810,CLO:0003795;CLO:0050810
HPBALL,CLO_0003817,CLO:0003817;CLO:0050988,CLO:0003817;CLO:0050988
HPB-ALL,CLO_0003817,CLO:0003817;CLO:0050988,CLO:0003817;CLO:0050988
HPB-ALL_T_acute_lymphoblastic_leukemia,CLO_0003817,,
Hs 132.T,CLO_0003848,CLO:0003848,CLO:0003848
Hs 5.T,CLO_0003979,CLO:0003979,CLO:0003979
Hs 53.T,CLO_0003987,CLO:0003987,CLO:0003987
Hs 706.T,CLO_0004066,CLO:0004066,CLO:0004066
Hs 769.T,CLO_0004103,CLO:0004103,CLO:0004103
Hs 863.T,CLO_0004166,CLO:0004166,CLO:0004166
Hs 925.T,CLO_0004233,CLO:0004233,CLO:0004233
HS578T,CLO_0004009,CLO:0004009,CLO:0004009
Hs578T,CLO_0004009,CLO:0004009,CLO:0004009
HS578T_invasive_ductal_breast_carcinoma,CLO_0004009,,
Hs68_Canavan_disease,CLO_0004255,,
HSC-3,CLO_0051569,CLO:0051569,CLO:0051569
HS-ES-1,CLO_0050148,CLO:0050148,CLO:0050148
HS-ES-2R,CLO_0050147,CLO:0050147,CLO:0050147
HSKTC,CLO_0051438,CLO:0051438,CLO:0051438
HSMM,CLO_0000809,,
HSMM skeletal muscle myoblasts,CLO_0000809,,
HSMM Skeletal Muscle Myoblasts Cells,CLO_0000809,,
HSMM_Skeletal_Muscle_Myoblasts,CLO_0000809,,
HSMM_skeletal_muscle_myoblasts,CLO_0000809,,
HS-Os-1,CLO_0050022,CLO:0050022,CLO:0050022
HS-PSS,CLO_0051534,CLO:0051534,CLO:0051534
HSQ-89,CLO_0050085,CLO:0050085,CLO:0050085
HS-SY-2,CLO_0050072,CLO:0050072,CLO:0050072
HSSY2 shCt,CLO_0050072,,
HS-SY-2Monophasic_synovial_sarcoma,CLO_0050072,,
HS-SY-II,CLO_0050072,CLO:0050072,CLO:0050072
HSSYII_Untreated,CLO_0050072,,
HT1080,CLO_0004276,CLO:0004266;CLO:0004276,CLO:0004266;CLO:0004276
HT-1080,CLO_0004276,CLO:0004266;CLO:0004276,CLO:0004266;CLO:0004276
HT1080_1_low,CLO_0004276,,
HT1080_2_high,CLO_0004276,,
HT1080_DDIT3,CLO_0004276,,
HT1080_DOX5d,CLO_0004276,,
HT1080_EWS-FLI1,CLO_0004276,,
HT1080_fibrosarcoma,CLO_0004276,,
HT1080_FUS-DDIT3,CLO_0004276,,
HT1080_untreated,CLO_0004276,,
HT1080_WT,CLO_0004276,,
HT29,CLO_0004283,CLO:0004283,CLO:0004283
HT-29,CLO_0004283,CLO:0004283,CLO:0004283
HT29_colon_adenocarcinoma,CLO_0004283,,
HT29_colon_adenocarcinoma_GW3965_2H,CLO_0004283,,
HT29_colon_adenocarcinoma_GW3965_48H,CLO_0004283,,
HT29_colon_adenocarcinoma_ROSIG_2H,CLO_0004283,,
HT29_colon_adenocarcinoma_ROSIG_48H,CLO_0004283,,
HT29_DMSO,CLO_0004283,,
HT3,CLO_0004286,CLO:0004286,CLO:0004286
hTERT-HME1,CLO_0004291,CLO:0004291;CLO:0037172,CLO:0004291;CLO:0037172
HTMMT,CLO_0050882,CLO:0050882,CLO:0050882
HTOA,CLO_0051442,CLO:0051442,CLO:0051442
HTST,CLO_0050139,CLO:0050139,CLO:0050139
HuCCT1,CLO_0050009,CLO:0050009,CLO:0050009
HUCCT1,CLO_0050009,CLO:0050009,CLO:0050009
HuCCT1_intrahepatic_cholangiocarcinoma,CLO_0050009,,
HuH-28,CLO_0050855,CLO:0050855,CLO:0050855
HuH-6,CLO_0050851,CLO:0050851,CLO:0050851
Huh-7,CLO_0050850,CLO:0009989;CLO:0050850;CLO:0050853,CLO:0009989;CLO:0050850;CLO:0050853
HuH-7,CLO_0050850,CLO:0009989;CLO:0050850;CLO:0050853,CLO:0009989;CLO:0050850;CLO:0050853
HuH7_hepatocellular_carcinoma,CLO_0050850,,
HuH7_hepatocellular_carcinoma_ASYNC,CLO_0050850,,
HuH7_hepatocellular_carcinoma_MITO,CLO_0050850,,
HuH7_IL-1alpha_1h,CLO_0050850,,
HuH7_untreat,CLO_0050850,,
Human Diploid BJ Fibroblast Cell Lines,CLO_0001980,,
HuT 102 TIB-162,CLO_0004303,,
HUVEC,CLO_0004307,CLO:0004307,CLO:0004307
HUVEC 0hour,CLO_0004307,,
HUVEC umbilical vein endothelial,CLO_0004307,,
HUVEC Umbilical Vein Endothelial Primary Cells,CLO_0004307,,
HUVEC_Notch1kd_IL1beta,CLO_0004307,,
HUVEC_prol_CB,CLO_0004307,,
HUVEC_Scr,CLO_0004307,,
HUVEC_Scr_IL1beta,CLO_0004307,,
HUVEC_Umbilical_Vein_Endothelial_Cells,CLO_0004307,,
HUVEC_VEGF_4h,CLO_0004307,,
HUVEC_WT,CLO_0004307,,
HUVEC-C,CLO_0004307,CLO:0004307,CLO:0004307
HUVEC-C_HUVEC_umbilical_vein_endothelial_cells,CLO_0004307,,
HUVEC-C_HUVEC_umbilical_vein_endothelial_cells_DMSO_HYPO,CLO_0004307,,
HUVEC-C_HUVEC_umbilical_vein_endothelial_cells_DMSO_NORMO,CLO_0004307,,
HUVEC-C_HUVEC_umbilical_vein_endothelial_cells_HYPOX,CLO_0004307,,
HUVEC-C_HUVEC_umbilical_vein_endothelial_cells_NOMO,CLO_0004307,,
HUVEC-C_HUVEC_umbilical_vein_endothelial_cells_PPARG_HYPO,CLO_0004307,,
HUVEC-C_HUVEC_umbilical_vein_endothelial_cells_PPARG_NORMO,CLO_0004307,,
HUVEC-C_HUVEC_umbilical_vein_endothelial_cells_STATIN,CLO_0004307,,
HUVEC-C_HUVEC_umbilical_vein_endothelial_cells_TNF_0M,CLO_0004307,,
HUVEC-C_HUVEC_umbilical_vein_endothelial_cells_TNF_30M,CLO_0004307,,
HUVEC-C_HUVEC_umbilical_vein_endothelial_cells_TNF_JQ1,CLO_0004307,,
HUVEC-C_HUVEC_umbilical_vein_endothelial_cells_VEGF,CLO_0004307,,
HUVEC-C_HUVEC_umbilical_vein_endothelial_cells_VEGF_12H,CLO_0004307,,
HUVEC-C_HUVEC_umbilical_vein_endothelial_cells_VEGF_1H,CLO_0004307,,
HUVEC-C_HUVEC_umbilical_vein_endothelial_cells_VEGF_4H,CLO_0004307,,
HUVEC-prol (CB),CLO_0004307,,
HUVECs_TNF0min,CLO_0004307,,
HUVECs_TNF30min,CLO_0004307,,
HYT-1,CLO_0051543,CLO:0051543,CLO:0051543
IA-LM,CLO_0050075,CLO:0050075,CLO:0050075
ID00014,CLO_0029227,CLO:0029227,CLO:0029227
ID00014_lymphoblastoid_cell_DiGeorge_syndrome,CLO_0029227,,
ID00015,CLO_0029229,CLO:0029229,CLO:0029229
ID00015_lymphoblastoid_cell,CLO_0029229,,
ID00016,CLO_0029230,CLO:0029230,CLO:0029230
IMR32,CLO_0006948,CLO:0006948;CLO:0016777,CLO:0006948;CLO:0016777
IMR-32,CLO_0006948,CLO:0006948;CLO:0016777,CLO:0006948;CLO:0016777
IMR-5,CLO_0006950,CLO:0006950,CLO:0006950
IMR-5_Neuroblastoma,CLO_0006950,,
IMR90,CLO_0006951,CLO:0006951;CLO:0029276;CLO:0029279;CLO:0029284;CLO:0029291;CLO:0029294;CLO:0029328;CLO:0029330;CLO:0029331;CLO:0029332;CLO:0029336,CLO:0006951;CLO:0029276;CLO:0029279;CLO:0029284;CLO:0029291;CLO:0029294;CLO:0029328;CLO:0029330;CLO:0029331;CLO:0029332;CLO:0029336
imr90,CLO_0006951,CLO:0006951;CLO:0029276;CLO:0029279;CLO:0029284;CLO:0029291;CLO:0029294;CLO:0029328;CLO:0029330;CLO:0029331;CLO:0029332;CLO:0029336,CLO:0006951;CLO:0029276;CLO:0029279;CLO:0029284;CLO:0029291;CLO:0029294;CLO:0029328;CLO:0029330;CLO:0029331;CLO:0029332;CLO:0029336
IMR-90,CLO_0006951,CLO:0006951;CLO:0029276;CLO:0029279;CLO:0029284;CLO:0029291;CLO:0029294;CLO:0029328;CLO:0029330;CLO:0029331;CLO:0029332;CLO:0029336,CLO:0006951;CLO:0029276;CLO:0029279;CLO:0029284;CLO:0029291;CLO:0029294;CLO:0029328;CLO:0029330;CLO:0029331;CLO:0029332;CLO:0029336
IMR90 fetal lung fibroblasts,CLO_0006951,,
IMR90 fetal lung fibroblasts Cell Line,CLO_0006951,,
IMR90 IR Senescence,CLO_0006951,,
IMR90 Senescent_1,CLO_0006951,,
IMR90_#1,CLO_0006951,,
IMR90_#2,CLO_0006951,,
IMR90_Cell_Line,CLO_0006951,,
IMR-90_DMSO_1,CLO_0006951,,
IMR-90_DMSO_2,CLO_0006951,,
IMR90_empty_GM,CLO_0006951,,
IMR90_Etoposide,CLO_0006951,,
IMR-90_Etoposide,CLO_0006951,,
IMR90_lung_fibroblasts,CLO_0006951,,
IMR90_lung_fibroblasts_APO,CLO_0006951,,
IMR90_lung_fibroblasts_DMSO,CLO_0006951,,
IMR90_lung_fibroblasts_NUT3A,CLO_0006951,,
IMR90_lung_fibroblasts_QUIES,CLO_0006951,,
IMR90_lung_fibroblasts_SENE,CLO_0006951,,
IMR90_lung_fibroblasts_SENES_E2F7,CLO_0006951,,
IMR90_lung_fibroblasts_SENES_SHCTR,CLO_0006951,,
IMR90_lung_fibroblasts_SENES_SHLUC,CLO_0006951,,
IMR90_lung_fibroblasts_SENES_SHP53,CLO_0006951,,
IMR90_lung_fibroblasts_SENES_SHRB,CLO_0006951,,
IMR90_lung_fibroblasts_TNF,CLO_0006951,,
IMR-90_Nutlin-3a,CLO_0006951,,
IMR-90_proliferating,CLO_0006951,,
IMR-90_quiescent,CLO_0006951,,
IMR-90_senescent,CLO_0006951,,
Induced Pluripotent Stem Cell,CLO_0037307,,
Induced Pluripotent Stem Cells,CLO_0037307,,
induced_pluripotent_stem_cells,CLO_0037307,,
iPS DF 19.11,CLO_0037308,,
iPS DF 19.11 cells,CLO_0037308,,
iPS DF 19.11 Cells,CLO_0037308,,
iPS DF 6.9,CLO_0037308,,
iPS DF 6.9 cells,CLO_0037308,,
iPS DF 6.9 Cells,CLO_0037308,,
iPS_19.11,CLO_0037308,,
iPS_20b,CLO_0037308,,
iPS_DF_19.11_Cell_Line,CLO_0037308,,
iPS_DF_19_11,CLO_0037308,,
iPS_DF_6.9,CLO_0037308,,
iPS_DF_6.9_Cell_Line,CLO_0037308,,
iPS_DF_6_9,CLO_0037308,,
iPS-18a,CLO_0037308,,
iPS-18axian,CLO_0037308,,
iPS-20b,CLO_0037308,,
iPS-20b cells,CLO_0037308,,
iPS-20b Cells,CLO_0037308,,
iPS-20b_Cell_Line,CLO_0037308,,
iPSC,CLO_0037307,,
iPSC_CBP-30,CLO_0037308,,
iPSC_DMSO,CLO_0037308,,
iPSC_induced_pluripotent_stem_cells,CLO_0037308,,
iPSCs,CLO_0037308,,
iPS-DF-19.11,CLO_0037308,,
iPS-DF-6.9,CLO_0037308,,
Ishikawa,CLO_0037163,CLO:0037163,CLO:0037163
Ishikawa Cell,CLO_0037163,,CLO:0037163
Ishikawa_endometrial_adenocarcinoma,CLO_0037163,,
J82,CLO_0007006,CLO:0007006,CLO:0007006
JAR,CLO_0007011,CLO:0007011,CLO:0007011
JEG-3,CLO_0007017,CLO:0007017,CLO:0007017
JHOC-5,CLO_0051439,CLO:0051439,CLO:0051439
JHOM-1,CLO_0051441,CLO:0051441,CLO:0051441
JHOS-2,CLO_0051440,CLO:0051440,CLO:0051440
JHUCS-1,CLO_0050879,CLO:0050879,CLO:0050879
JHUEM-1,CLO_0050873,CLO:0050873,CLO:0050873
JHUS-nk1,CLO_0050925,CLO:0050925,CLO:0050925
JJN3,CLO_0037173,CLO:0037173,CLO:0037173
JMSU1,CLO_0050846,CLO:0050846,CLO:0050846
JMSU-1,CLO_0050846,CLO:0050846,CLO:0050846
JMSU-1_Bladder_carcinoma,CLO_0050846,,
Jurkat,CLO_0007043,CLO:0007029;CLO:0007043;CLO:0050978;CLO:0050993;CLO:0051001,CLO:0007029;CLO:0007043;CLO:0050978;CLO:0050993;CLO:0051001
JURKAT,CLO_0007043,CLO:0007029;CLO:0007043;CLO:0050978;CLO:0050993;CLO:0051001,CLO:0007029;CLO:0007043;CLO:0050978;CLO:0050993;CLO:0051001
Jurkat ZBTB1 KO,CLO_0007043,,
Jurkat ZBTB1 KO_Asparagine deprivation,CLO_0007043,,
Jurkat ZBTB1 KO_ZBTB1_expressing FLAG-ZBTB1,CLO_0007043,,
Jurkat ZBTB1 KO_ZBTB1_expressing FLAG-ZBTB1_Asparagine deprivation,CLO_0007043,,
Jurkat_E6_1_T-cells,CLO_0007043,,
Jurkat_high,CLO_0007043,,
Jurkat_LEDGIN,CLO_0007043,,
Jurkat_low,CLO_0007043,,
Jurkat_T-cells,CLO_0007043,,
Jurkat_WT,CLO_0007043,,
JURL-MK1_chronic_myelogenous_leukemia,CLO_0009838,,
K562,CLO_0007059,CLO:0007050;CLO:0007059;CLO:0024880;CLO:0050123;CLO:0050124;CLO:0050126,CLO:0007050;CLO:0007059;CLO:0024880;CLO:0050123;CLO:0050124;CLO:0050126
k562,CLO_0007059,CLO:0007050;CLO:0007059;CLO:0024880;CLO:0050123;CLO:0050124;CLO:0050126,CLO:0007050;CLO:0007059;CLO:0024880;CLO:0050123;CLO:0050124;CLO:0050126
K-562,CLO_0007059,CLO:0007050;CLO:0007059;CLO:0024880;CLO:0050123;CLO:0050124;CLO:0050126,CLO:0007050;CLO:0007059;CLO:0024880;CLO:0050123;CLO:0050124;CLO:0050126
K562 ENCODE,CLO_0007059,,
K562 leukaemia,CLO_0007059,,
K562 Leukemia Cells,CLO_0007059,,
K562 WT,CLO_0007059,,
K562_??Np63?? expressing,CLO_0007059,,
K562_1_high,CLO_0007059,,
K562_1_low,CLO_0007059,,
K562_2_high,CLO_0007059,,
K562_Control,CLO_0007059,,
K562_Control_1,CLO_0007059,,
K562_DMSO_noIFNG,CLO_0007059,,
K562_EPZ,CLO_0007059,,
K562_Leukemia,CLO_0007059,,
K562_myelogenous_leukemia,CLO_0007059,,
K562_myelogenous_leukemia_DOX,CLO_0007059,,
K562_myelogenous_leukemia_NABUT,CLO_0007059,,
K562_myelogenous_leukemia_SAHA,CLO_0007059,,
K562_MYO1D Non-hub KO,CLO_0007059,,
K562_MYO1D_Hub_KO,CLO_0007059,,
K562_native,CLO_0007059,,
K562_Triptolide_0h,CLO_0007059,,
K562_Triptolide_1h,CLO_0007059,,
K562_Triptolide_4h,CLO_0007059,,
KARPAS_422,CLO_0007065,,
Karpas-299,CLO_0007065,CLO:0007065,CLO:0007065
Karpas-299_ALK+,CLO_0007065,,
KARPAS422,CLO_0007066,CLO:0007066,CLO:0007066
Karpas-422,CLO_0007066,CLO:0007066,CLO:0007066
KARPAS-422,CLO_0007066,CLO:0007066,CLO:0007066
KARPAS-422_diffuse_large_B-cell_lymphoma,CLO_0007066,,
KARPAS-422_DMSO_8d,CLO_0007066,,
Karpas-45,CLO_0007067,CLO:0007067,CLO:0007067
KARPAS-45,CLO_0007067,CLO:0007067,CLO:0007067
Kasumi-1,CLO_0007069,CLO:0007068;CLO:0007069,CLO:0007068;CLO:0007069
Kasumi-1_acute_myeloblastic_leukemia,CLO_0007069,,
Kasumi-1_acute_myeloblastic_leukemia_SICTR,CLO_0007069,,
Kasumi-1_acute_myeloblastic_leukemia_SIRUNX1ETO,CLO_0007069,,
Kasumi-3,CLO_0007070,CLO:0007070,CLO:0007070
Kasumi-3_adult_acute_myeloid_leukemia_with_minimal_differentiation,CLO_0007070,,
Kasumi-3_mock-infected,CLO_0007070,,
Kasumi-6,CLO_0007072,CLO:0007072,CLO:0007072
KATO III,CLO_0007073,CLO:0007073;CLO:0050790,CLO:0007073;CLO:0050790
Kato III,CLO_0007073,CLO:0007073;CLO:0050790,CLO:0007073;CLO:0050790
KATO3,CLO_0007073,,
KATOIII,CLO_0007073,CLO:0007073;CLO:0050790,CLO:0007073;CLO:0050790
KATO-III,CLO_0007073,CLO:0007073;CLO:0050790,CLO:0007073;CLO:0050790
KATOIII_signet_ring_cell_gastric_adenocarcinoma,CLO_0007073,,
KB,CLO_0007074,CLO:0007074,CLO:0007074
KB_cervical_adenocarcinoma,CLO_0007074,,
KCL-22,CLO_0009841,CLO:0009841,CLO:0009841
KELLY,CLO_0007091,CLO:0007091;CLO:0051540,CLO:0007091;CLO:0051540
Kelly,CLO_0007091,CLO:0007091;CLO:0051540,CLO:0007091;CLO:0051540
Kelly cells,CLO_0007091,,CLO:0007091;CLO:0051540
Kelly DMSO,CLO_0007091,,
Kelly JQ1 treated TAE resistant,CLO_0007091,,
Kelly TAE resistant,CLO_0007091,,
kelly_DMSO_3h,CLO_0007091,,
Kelly_NaiveJQ1,CLO_0007091,,
Kelly_neuroblastoma,CLO_0007091,,
Kelly_ResJQ1,CLO_0007091,,
Kelly_ResVeh,CLO_0007091,,
Kelly_shB4_Res,CLO_0007091,,
Kelly_shLUC_Res,CLO_0007091,,
KELLY_untreat,CLO_0007091,,
Kelly_vehicle,CLO_0007091,,
KESY-150,CLO_0007129,,
KG-1,CLO_0007093,CLO:0007093;CLO:0007094;CLO:0023414;CLO:0050639;CLO:0051560,CLO:0007093;CLO:0007094;CLO:0023414;CLO:0050639;CLO:0051560
KG1_acute_myeloid_leukemia_DMSO,CLO_0007093,,
KG1_acute_myeloid_leukemia_XX65023,CLO_0007093,,
KGN,CLO_0051454,CLO:0051454,CLO:0051454
KLM-1,CLO_0050104,CLO:0050104,CLO:0050104
KLM1 wt,CLO_0050104,,
KMS12,CLO_0009842,CLO:0009842,CLO:0009842
KOPN-8,CLO_0037178,CLO:0037178,CLO:0037178
KU812,CLO_0007125,CLO:0007124;CLO:0007125;CLO:0050989,CLO:0007124;CLO:0007125;CLO:0050989
KU-SN,CLO_0050141,CLO:0050141,CLO:0050141
KYM-1,CLO_0037073,CLO:0037073,CLO:0037073
KYSE140,CLO_0007128,CLO:0007128,CLO:0007128
KYSE140_1,CLO_0007128,,
KYSE150,CLO_0007129,CLO:0007129,CLO:0007129
KYSE-150,CLO_0007129,CLO:0007129,CLO:0007129
KYSE180,CLO_0007130,CLO:0007130,CLO:0007130
KYSE180_1,CLO_0007130,,
KYSE-30,CLO_0007132,CLO:0007132,CLO:0007132
KYSE510,CLO_0007135,CLO:0007135,CLO:0007135
KYSE510_1,CLO_0007135,,
KYSE70,CLO_0007137,CLO:0007137,CLO:0007137
KYSE-70,CLO_0007137,CLO:0007137,CLO:0007137
KYSE70_1,CLO_0007137,,
KYSE70_esophageal_squamous_carcinoma,CLO_0007137,,
L1236,CLO_0037179,CLO:0037179,CLO:0037179
L1236_Hodgkin_lymphoma,CLO_0037179,,
L428_Hodgkin_lymphoma,CLO_0007189,,
LAN1,CLO_0007240,CLO:0007240;CLO:0051542,CLO:0007240;CLO:0051542
LA-N-5,CLO_0007242,CLO:0007242;CLO:0050264,CLO:0007242;CLO:0050264
LAN5_ATRA,CLO_0007242,,
LAN5_Ethanol,CLO_0007242,,
LA-N-6,CLO_0037081,CLO:0037081,CLO:0037081
large cell lung carcinoma cell line:IA-LM,CLO_0050075,,
large cell lung carcinoma cell line:NCI-H460,CLO_0008089,,
large cell non-keratinizing squamous carcinoma cell line:SKG-II-SF,CLO_0050918,,
LC-1F,CLO_0050026,CLO:0050026,CLO:0050026
LCLGM10861,CLO_0024094,,
leiomyoblastoma cell line:G-402,CLO_0003435,,
leukemia chronic megakaryoblastic cell line:MEG-01,CLO_0007668,,
Li-7,CLO_0050854,CLO:0050854,CLO:0050854
liposarcoma cell line:SW 872,CLO_0009201,,
LK2,CLO_0050064,CLO:0050064,CLO:0050064
LK-2,CLO_0050064,CLO:0050064,CLO:0050064
LMSU,CLO_0050800,CLO:0050800,CLO:0050800
LN229,CLO_0007363,CLO:0007363,CLO:0007363
LN229_1_mM_glucose,CLO_0007363,,
LN229_10_mM_glucose,CLO_0007363,,
LN229_1mM_glucose_5mM_acetate,CLO_0007363,,
LN229_glioblastoma,CLO_0007363,,
LNCaP,CLO_0007365,CLO:0007365;CLO:0037116,CLO:0007365;CLO:0037116
LnCAP,CLO_0007365,CLO:0007365;CLO:0037116,CLO:0007365;CLO:0037116
LNCAP,CLO_0007365,CLO:0007365;CLO:0037116,CLO:0007365;CLO:0037116
lncap,CLO_0007365,CLO:0007365;CLO:0037116,CLO:0007365;CLO:0037116
LNCaP_clone_FGC,CLO_0007365,,
LNCaP_DHT_DMSO_6h,CLO_0007365,,
LNCaP_DMSO,CLO_0007365,,
LNCaP_EtOH_vehicle_4h,CLO_0007365,,
LNCaP_EtOH_vehicle_4h_MED19_OE,CLO_0007365,,
LNCAP_FA,CLO_0007365,,
LNCaP_prostate_carcinoma,CLO_0007365,,
LNCaP_prostate_carcinoma_1F5,CLO_0007365,,
LNCaP_prostate_carcinoma_1F5_SIFOXA1,CLO_0007365,,
LNCaP_prostate_carcinoma_CSFCS,CLO_0007365,,
LNCaP_prostate_carcinoma_DHT,CLO_0007365,,
LNCaP_prostate_carcinoma_DHT_TNFA,CLO_0007365,,
LNCaP_prostate_carcinoma_DHT24H,CLO_0007365,,
LNCaP_prostate_carcinoma_DHT24H_SHFOXA1,CLO_0007365,,
LNCaP_prostate_carcinoma_DMSO,CLO_0007365,,
LNCaP_prostate_carcinoma_ETOH,CLO_0007365,,
LNCaP_prostate_carcinoma_ETOH_SHCTR,CLO_0007365,,
LNCaP_prostate_carcinoma_ETOH24H,CLO_0007365,,
LNCaP_prostate_carcinoma_FBS,CLO_0007365,,
LNCaP_prostate_carcinoma_FOXA1,CLO_0007365,,
LNCaP_prostate_carcinoma_HOTAIR,CLO_0007365,,
LNCaP_prostate_carcinoma_PHFRPMIFCS,CLO_0007365,,
LNCaP_prostate_carcinoma_R1881,CLO_0007365,,
LNCaP_prostate_carcinoma_R1881_HOTAIR,CLO_0007365,,
LNCaP_prostate_carcinoma_R1881_SHCTR,CLO_0007365,,
LNCaP_prostate_carcinoma_RPMIFBS,CLO_0007365,,
LNCaP_prostate_carcinoma_SHCTR,CLO_0007365,,
LNCaP_prostate_carcinoma_SHCTR_DHT,CLO_0007365,,
LNCaP_prostate_carcinoma_SHCTR_R1881,CLO_0007365,,
LNCaP_prostate_carcinoma_SHCTR_R1881_HD,CLO_0007365,,
LNCaP_prostate_carcinoma_SHFOXA1_PHFRPMIFCS,CLO_0007365,,
LNCaP_prostate_carcinoma_SHFOXA1_R1881,CLO_0007365,,
LNCaP_prostate_carcinoma_SHFOXA1_R1881_HD,CLO_0007365,,
LNCaP_prostate_carcinoma_SHFOXA1_RPMIFBS,CLO_0007365,,
LNCaP_prostate_carcinoma_SHFOXP1_DHT,CLO_0007365,,
LNCaP_prostate_carcinoma_SHGATA2,CLO_0007365,,
LNCaP_prostate_carcinoma_SHGATA2_ETOH,CLO_0007365,,
LNCaP_prostate_carcinoma_SHGATA2_R1881,CLO_0007365,,
LNCaP_prostate_carcinoma_SICTR_TNFA,CLO_0007365,,
LNCaP_prostate_carcinoma_SIFOXA1_TNFA,CLO_0007365,,
LNCaP_prostate_carcinoma_TNFA,CLO_0007365,,
LNCaP_R1881,CLO_0007365,,
LNCaP_R1881 4h,CLO_0007365,,
LNCaP_R1881 4h_MED19_OE,CLO_0007365,,
LNCaP_R1881_DOX,CLO_0007365,,
lncaparhi-ar-dht1nm,CLO_0007365,,
lncaparmo-ar-dht100nm,CLO_0007365,,
lncaparmo-ar-dht1nm,CLO_0007365,,
LNCaP-clone-FGC,CLO_0007366,CLO:0007366;CLO:0007367;CLO:0051537,CLO:0007366;CLO:0007367;CLO:0051537
lncap-dht,CLO_0007365,,
lncap-dht100nm,CLO_0007365,,
lncap-dht1nm,CLO_0007365,,
LNCaP-FGC,CLO_0007366,CLO:0007366;CLO:0007367;CLO:0051537,CLO:0007366;CLO:0007367;CLO:0051537
Loucy,CLO_0007375,CLO:0007375,CLO:0007375
LOUCY,CLO_0007375,CLO:0007375,CLO:0007375
Loucy_adult_T_acute_lymphoblastic_leukemia,CLO_0007375,,
LoVo,CLO_0007378,CLO:0007377;CLO:0007378;CLO:0050632,CLO:0007377;CLO:0007378;CLO:0050632
LoVo_colorectal_adenocarcinoma_PHASEM,CLO_0007378,,
LoVo_colorectal_adenocarcinoma_PHASES,CLO_0007378,,
LP1,CLO_0007379,CLO:0007379,CLO:0007379
LP-1,CLO_0007379,CLO:0007379,CLO:0007379
LP-1_SGC-CBP30,CLO_0007379,,
LS174T,CLO_0007403,CLO:0007393;CLO:0007403,CLO:0007393;CLO:0007403
LS174T_colon_adenocarcinoma,CLO_0007403,,
LS174T_colon_adenocarcinoma_BI8622,CLO_0007403,,
LS174T_colon_adenocarcinoma_DMSO,CLO_0007403,,
LS180,CLO_0007404,CLO:0007394;CLO:0007404,CLO:0007394;CLO:0007404
LS180_colon_cancer,CLO_0007404,,
LS180_colon_cancer_125,CLO_0007404,,
LU65,CLO_0050059,CLO:0050059,CLO:0050059
Lu99B,CLO_0050042,CLO:0037029;CLO:0050042,CLO:0037029;CLO:0050042
lung adenocarcinoma cell line:A549,CLO_0001601,,
lung adenocarcinoma cell line:PC-14,CLO_0008394,,
lymphangiectasia cell line:DS-1,CLO_0002821,,
malignant trichilemmal cyst cell line:DJM-1,CLO_0050680,,
MALME3,CLO_0007528,,
MALME-3,CLO_0007528,CLO:0007528,CLO:0007528
Mammary Epithelial Cell MCF10A,CLO_0007599,,
maxillary sinus tumor cell line:HSQ-89,CLO_0050085,,
MCAS,CLO_0037094,CLO:0037094,CLO:0037094
MCF_10A,CLO_0007599,,
MCF_7,CLO_0007606,,
MCF10A,CLO_0007599,CLO:0007599,CLO:0007599
MCF-10A,CLO_0007599,CLO:0007599,CLO:0007599
MCF10A_ DMSO,CLO_0007599,,
MCF10A_breast_epithelial_cells,CLO_0007599,,
MCF10A_high,CLO_0007599,,
MCF10A_low,CLO_0007599,,
MCF10A_Nutlin3A,CLO_0007599,,
MCF10A_p53shRNA_DMSO,CLO_0007599,,
MCF10A_p53shRNA_Nutlin3A,CLO_0007599,,
MCF10A_p63shRNA_DMSO,CLO_0007599,,
MCF10A_p63shRNA_Nutlin3A,CLO_0007599,,
MCF10A_scrshRNA_DMSO,CLO_0007599,,
MCF10A_scrshRNA_Nutlin3A,CLO_0007599,,
MCF10A-Er-Src,CLO_0037240,CLO:0037240,CLO:0037240
MCF10A-ER-Src,CLO_0037240,CLO:0037240,CLO:0037240
MCF10A-YAP5SA_ctrl,CLO_0007599,,
MCF10A-YAP5SA_plusDOX,CLO_0007599,,
MCF10CA1a,CLO_0007599,,
MCF-10CA1a,CLO_0007599,,
MCF10CA1a_breast_metastatic_epithelial_cells,CLO_0007599,,
MCF10CA1h,CLO_0007599,,
MCF12A,CLO_0037180,CLO:0007603;CLO:0037180,CLO:0007603;CLO:0037180
MCF12A_human_mammary_epithelial_cells,CLO_0037180,,
MCF7,CLO_0007606,CLO:0007601;CLO:0007605;CLO:0007606;CLO:0050868,CLO:0007601;CLO:0007605;CLO:0007606;CLO:0050868
mcf7,CLO_0007606,CLO:0007601;CLO:0007605;CLO:0007606;CLO:0050868,CLO:0007601;CLO:0007605;CLO:0007606;CLO:0050868
MCF-7,CLO_0007606,CLO:0007601;CLO:0007605;CLO:0007606;CLO:0050868,CLO:0007601;CLO:0007605;CLO:0007606;CLO:0050868
MCF7 TRPS1 KO,CLO_0007606,,
MCF7_1_high,CLO_0007606,,
MCF7_1_low,CLO_0007606,,
MCF-7_10Gygamma_2.5h,CLO_0007606,,
MCF-7_10Gygamma_5h,CLO_0007606,,
MCF-7_10Gygamma_7.5h,CLO_0007606,,
MCF7_CPI-455,CLO_0007606,,
MCF7_DAC,CLO_0007606,,
MCF7_DAC+455,CLO_0007606,,
MCF-7_DMSO_sgARID1A-1_KO,CLO_0007606,,
MCF-7_DMSO_sgARID1A-2_KO,CLO_0007606,,
MCF-7_E2,CLO_0007606,,
MCF-7_estradiol,CLO_0007606,,
MCF-7_EtOH,CLO_0007606,,
MCF7_FA,CLO_0007606,,
MCF7_FASR,CLO_0007606,,
MCF7_Invasive_ductal_breast_carcinoma,CLO_0007606,,
MCF7_Invasive_ductal_breast_carcinoma_CHX_10UM,CLO_0007606,,
MCF7_Invasive_ductal_breast_carcinoma_DEX,CLO_0007606,,
MCF7_Invasive_ductal_breast_carcinoma_DMSO,CLO_0007606,,
MCF7_Invasive_ductal_breast_carcinoma_E2,CLO_0007606,,
MCF7_Invasive_ductal_breast_carcinoma_E2_10M,CLO_0007606,,
MCF7_Invasive_ductal_breast_carcinoma_E2_120M,CLO_0007606,,
MCF7_Invasive_ductal_breast_carcinoma_E2_2M,CLO_0007606,,
MCF7_Invasive_ductal_breast_carcinoma_E2_40M,CLO_0007606,,
MCF7_Invasive_ductal_breast_carcinoma_E2_5M,CLO_0007606,,
MCF7_Invasive_ductal_breast_carcinoma_E2_SHCTCF,CLO_0007606,,
MCF7_Invasive_ductal_breast_carcinoma_E2_SHCTR,CLO_0007606,,
MCF7_Invasive_ductal_breast_carcinoma_E2_TAM,CLO_0007606,,
MCF7_Invasive_ductal_breast_carcinoma_E2_TNF,CLO_0007606,,
MCF7_Invasive_ductal_breast_carcinoma_E2PG,CLO_0007606,,
MCF7_Invasive_ductal_breast_carcinoma_ETOH,CLO_0007606,,
MCF7_Invasive_ductal_breast_carcinoma_GLYC,CLO_0007606,,
MCF7_Invasive_ductal_breast_carcinoma_HYPOXIA,CLO_0007606,,
MCF7_Invasive_ductal_breast_carcinoma_ICI,CLO_0007606,,
MCF7_Invasive_ductal_breast_carcinoma_LETR,CLO_0007606,,
MCF7_Invasive_ductal_breast_carcinoma_LETR_ANDRO,CLO_0007606,,
MCF7_Invasive_ductal_breast_carcinoma_LY2_ETOH,CLO_0007606,,
MCF7_Invasive_ductal_breast_carcinoma_MRNAHIST,CLO_0007606,,
MCF7_Invasive_ductal_breast_carcinoma_NORMOXIA,CLO_0007606,,
MCF7_Invasive_ductal_breast_carcinoma_PROG,CLO_0007606,,
MCF7_Invasive_ductal_breast_carcinoma_R5020,CLO_0007606,,
MCF7_Invasive_ductal_breast_carcinoma_SHCRT_E2,CLO_0007606,,
MCF7_Invasive_ductal_breast_carcinoma_SHCTR,CLO_0007606,,
MCF7_Invasive_ductal_breast_carcinoma_SHCTR_E2,CLO_0007606,,
MCF7_Invasive_ductal_breast_carcinoma_SHCTR_E2_TNF,CLO_0007606,,
MCF7_Invasive_ductal_breast_carcinoma_SHFOXA1_E2,CLO_0007606,,
MCF7_Invasive_ductal_breast_carcinoma_SHFOXA1_E2_TNF,CLO_0007606,,
MCF7_Invasive_ductal_breast_carcinoma_SHGATA3_E2,CLO_0007606,,
MCF7_Invasive_ductal_breast_carcinoma_SICTR,CLO_0007606,,
MCF7_Invasive_ductal_breast_carcinoma_SICTR_E2,CLO_0007606,,
MCF7_Invasive_ductal_breast_carcinoma_SIGATA,CLO_0007606,,
MCF7_Invasive_ductal_breast_carcinoma_SIGATA_E2,CLO_0007606,,
MCF7_Invasive_ductal_breast_carcinoma_TAM,CLO_0007606,,
MCF7_Invasive_ductal_breast_carcinoma_TAMR,CLO_0007606,,
MCF7_Invasive_ductal_breast_carcinoma_TAMR_E2_TAM,CLO_0007606,,
MCF7_Invasive_ductal_breast_carcinoma_TAMR_TAM,CLO_0007606,,
MCF7_Invasive_ductal_breast_carcinoma_TNF,CLO_0007606,,
MCF7_Mock,CLO_0007606,,
MCF-7_NS,CLO_0007606,,
MCF-7_PMA,CLO_0007606,,
MCF7_siYTHDC1_E2,CLO_0007606,,
MCF7_TAMR,CLO_0007606,,
MCF7_TamR_invasive_ductal_breast_carcinoma_Tamoxifen_resistant,CLO_0007606,,
MCF7_TET2KO-E2,CLO_0007606,,
MCF7_TET2WT-E2,CLO_0007606,,
MCF-7_UNTR,CLO_0007606,,
MCF7_WT,CLO_0007606,,
mcf7-pg,CLO_0007606,,
MC-IXC,CLO_0007615,CLO:0007615,CLO:0007615
MDA_MB_231,CLO_0007634,CLO:0007634;CLO:0037291,CLO:0007634;CLO:0037291
MDA_MB_468,CLO_0007641,,
MDA-MB-134_invasive_lobular_breast_carcinoma,CLO_0007631,,
MDA-MB-134_invasive_lobular_breast_carcinoma_ESTROGEN,CLO_0007631,,
MDA-MB-134_invasive_lobular_breast_carcinoma_ETOH,CLO_0007631,,
MDA-MB-134-VI,CLO_0007631,CLO:0007631,CLO:0007631
MDA-MB-157,CLO_0007632,CLO:0007544;CLO:0007632,CLO:0007544;CLO:0007632
MDA-MB-157_triple_negative_breast_carcinoma,CLO_0007632,,
mdamb175vii,CLO_0007633,CLO:0007633,CLO:0007633
MDA-MB-23,CLO_0007634,,
MDAMB231,CLO_0007634,CLO:0007634;CLO:0037291,CLO:0007634;CLO:0037291
mdamb231,CLO_0007634,CLO:0007634;CLO:0037291,CLO:0007634;CLO:0037291
MDA-MB231,CLO_0007634,CLO:0007634;CLO:0037291,CLO:0007634;CLO:0037291
MDA-MB-231,CLO_0007634,CLO:0007634;CLO:0037291,CLO:0007634;CLO:0037291
MDA-MB-231 breast cancer cells,CLO_0007634,,
MDA-MB-231 BrM2,CLO_0007634,,
MDA-MB-231 LM2,CLO_0007634,,
MDA-MB-231_2,CLO_0007634,,
MDA-MB-231_breast_adenocarcinoma,CLO_0007634,,
MDA-MB-231_control,CLO_0007634,,
MDA-MB-231_ER?_L540Q_0min,CLO_0007634,,
MDA-MB-231_ER?_L540Q_45min,CLO_0007634,,
MDA-MB-231_ER?WT_0min,CLO_0007634,,
MDA-MB-231_ER?WT_45min,CLO_0007634,,
MDA-MB-231_ERŒ±_L540Q_0min,CLO_0007634,,
MDA-MB-231_ERŒ±_L540Q_45min,CLO_0007634,,
MDA-MB-231_ERŒ±WT_0min,CLO_0007634,,
MDA-MB-231_ERŒ±WT_45min,CLO_0007634,,
MDA-MB-231_GATA3,CLO_0007634,,
MDA-MB-231_Par,CLO_0007634,,
MDA-MB-231_TA1del,CLO_0007634,,
MDA-MB-231_untreat,CLO_0007634,,
MDA-MB-231-1833_breast_cancer_cells_bone-tropic_metastatic_line,CLO_0007634,,
MDA-MB-231-Erbeta_E2,CLO_0007634,,
MDA-MB-231-Erbeta_E2_TNFa,CLO_0007634,,
MDA-MB-231-Erbeta_TNFa,CLO_0007634,,
MDA-MB-231-Erbeta_vehicle,CLO_0007634,,
MDA-MB-231ERbtriple_negative_breast_cancer,CLO_0007634,,
MDA-MB-231p27CK-DD_breast_cancer_cells_phosphimimetic_p27_cell_line,CLO_0007634,,
MDA-MB-361,CLO_0007636,CLO:0007636,CLO:0007636
MDA-MB-436,CLO_0007639,CLO:0007639,CLO:0007639
MDA-MB-436_20A paclitaxel,CLO_0007639,,
MDA-MB-436_20C paclitaxel,CLO_0007639,,
MDA-MB-436_DMSO,CLO_0007639,,
MDA-MB-453,CLO_0007640,CLO:0007640;CLO:0050867,CLO:0007640;CLO:0050867
MDA-MB-453_breast_adenocarcinoma,CLO_0007640,,
MDA-MB-453_breast_adenocarcinoma_DHT,CLO_0007640,,
MDA-MB-453_breast_adenocarcinoma_FOXA1,CLO_0007640,,
MDA-MB-453_breast_adenocarcinoma_MPA,CLO_0007640,,
MDA-MB-453_breast_adenocarcinoma_R1881,CLO_0007640,,
MDA-MB-453_breast_adenocarcinoma_R1881_SICTR,CLO_0007640,,
MDA-MB-453_breast_adenocarcinoma_R1881_SIPIAS1,CLO_0007640,,
mdamb453-dht,CLO_0007640,,
mdamb468,CLO_0007641,CLO:0007641,CLO:0007641
MDA-MB-468,CLO_0007641,CLO:0007641,CLO:0007641
MDA-MB-468_breast_adenocarcinoma,CLO_0007641,,
ME-1,CLO_0009847,,
ME-1_acute_myeloid_leukemia_,CLO_0009847,,
ME-1_DMSO_6h,CLO_0009847,,
ME-1_I-10-49_6h,CLO_0009847,,
ME-180,CLO_0007657,CLO:0007657;CLO:0050924,CLO:0007657;CLO:0050924
MEC1,CLO_0037181,CLO:0037181,CLO:0037181
MEC2,CLO_0037182,CLO:0037182,CLO:0037182
medulloblastoma cell line:D283 Med,CLO_0002673,,
medulloblastoma cell line:ONS-76,CLO_0009900,,
MEG-01,CLO_0007668,CLO:0007668,CLO:0007668
Mel Juso,CLO_0007676,CLO:0007676,CLO:0007676
melanoma cell line:COLO 679,CLO_0002551,,
melanoma cell line:G-361,CLO_0003433,,
meningioma cell line:HKBMM,CLO_0050633,,
mesothelioma cell line:ACC-MESO-1,CLO_0050082,,
mesothelioma cell line:ACC-MESO-4,CLO_0050083,,
mesothelioma cell line:NCI-H2052,CLO_0008042,,
mesothelioma cell line:NCI-H226,CLO_0008068,,
mesothelioma cell line:NCI-H2452,CLO_0008077,,
mesothelioma cell line:NCI-H28,CLO_0008079,,
MeWo,CLO_0007688,CLO:0007687;CLO:0007688,CLO:0007687;CLO:0007688
MFH-ino,CLO_0050084,CLO:0050084,CLO:0050084
MG63,CLO_0007699,CLO:0007699;CLO:0007701;CLO:0050808,CLO:0007699;CLO:0007701;CLO:0050808
MG-63,CLO_0007699,CLO:0007699;CLO:0007701;CLO:0050808,CLO:0007699;CLO:0007701;CLO:0050808
MHH-ES-1,CLO_0007718,CLO:0007718,CLO:0007718
MIA Paca2,CLO_0007726,CLO:0007726;CLO:0050101,CLO:0007726;CLO:0050101
MIA PaCa-2-untreated,CLO_0007726,,
MIA_PaCa-2_pancreatic_ductal_adenocarcinoma,CLO_0007726,,
MiaPaca2,CLO_0007726,CLO:0007726;CLO:0050101,CLO:0007726;CLO:0050101
MIAPaca2,CLO_0007726,CLO:0007726;CLO:0050101,CLO:0007726;CLO:0050101
MIA-PaCa-2,CLO_0007726,CLO:0007726;CLO:0050101,CLO:0007726;CLO:0050101
MIAPaca2 WT,CLO_0007726,,
MiaPaCa2_1,CLO_0007726,,
MiaPaCa2_2,CLO_0007726,,
mixed mullerian tumor cell line:HTMMT,CLO_0050882,,
MKN1,CLO_0050804,CLO:0050804,CLO:0050804
MKN28,CLO_0037142,CLO:0037142,CLO:0037142
MKN28_gastric_tubular_adenocarcinoma,CLO_0037142,,
MKN45,CLO_0050797,CLO:0007733;CLO:0050797,CLO:0007733;CLO:0050797
MKN7,CLO_0050805,CLO:0050805,CLO:0050805
MKN74,CLO_0050798,CLO:0050798,CLO:0050798
ML-2,CLO_0007736,CLO:0007736,CLO:0007736
MM.1S,CLO_0037203,CLO:0037203,CLO:0037203
MM.1S_A-485/GNE-781,CLO_0037203,,
MM.1S_GNE-781,CLO_0037203,,
MM_1S,CLO_0037203,,
MM1.S_A-485,CLO_0037203,,
MM1.S_DMSO_6h,CLO_0037203,,
MM1_S_plasma_cell_myeloma,CLO_0037203,,
MM1S,CLO_0037203,CLO:0037203,CLO:0037203
MM1-S,CLO_0037203,CLO:0037203,CLO:0037203
Mm96,CLO_0007801,,
M-MOK,CLO_0051548,CLO:0051548,CLO:0051548
MNNG-HOS,CLO_0007813,CLO:0003796;CLO:0007813;CLO:0007814,CLO:0003796;CLO:0007813;CLO:0007814
Mo,CLO_0007815,CLO:0007815;CLO:0037184,CLO:0007815;CLO:0037184
MOLM13,CLO_0009848,CLO:0009848,CLO:0009848
MOLM-13,CLO_0009848,CLO:0009848,CLO:0009848
Molm13_CTRL,CLO_0009848,,
MOLM13_empty,CLO_0009848,,
MOLM-13_empty,CLO_0009848,,
MOLM-13_empty vector,CLO_0009848,,
MOLM13_empty_HG,CLO_0009848,,
MOLM13_sgLKB1e2,CLO_0009848,,
MOLM-13_sgNeg2,CLO_0009848,,
MOLM-13_sgSIK3e4,CLO_0009848,,
MOLM13_SIK3TQ,CLO_0009848,,
MOLM13_SIK3TQ_HG,CLO_0009848,,
MOLM-13acute_monocytic_leukemiaAML_Homo_sapiens,CLO_0009848,,
MOLT-3,CLO_0007824,CLO:0007824;CLO:0051008,CLO:0007824;CLO:0051008
MOLT3_adult_T_acute_lymphoblastic_leukemia,CLO_0007824,,
Molt4,CLO_0007825,CLO:0007825;CLO:0032246;CLO:0050992,CLO:0007825;CLO:0032246;CLO:0050992
MOLT4,CLO_0007825,CLO:0007825;CLO:0032246;CLO:0050992,CLO:0007825;CLO:0032246;CLO:0050992
MOLT-4,CLO_0007825,CLO:0007825;CLO:0032246;CLO:0050992,CLO:0007825;CLO:0032246;CLO:0050992
MOLT4_1,CLO_0007825,,
MOLT4_2,CLO_0007825,,
MonoMac6,CLO_0007828,CLO:0007828,CLO:0007828
Monomac6_CTRL,CLO_0007828,,
MRC-5,CLO_0007865,CLO:0007865;CLO:0050055,CLO:0007865;CLO:0050055
MRC-5_fetal_lung_fibroblasts,CLO_0007865,,
MRC-5_MRC5_1DPT,CLO_0007865,,
MRC-5_N_1DPT,CLO_0007865,,
MRC-5_NFD_1DPT,CLO_0007865,,
MSTO,CLO_0007880,,
mucinous adenocarcinoma cell line:JHOM-1,CLO_0051441,,
mucinous cystadenocarcinoma cell line:MCAS,CLO_0037094,,
MUTZ-3,CLO_0007903,CLO:0007903,CLO:0007903
Mutz-3,CLO_0007903,CLO:0007903,CLO:0007903
MV411,CLO_0007906,CLO:0007906,CLO:0007906
MV4-11,CLO_0007906,CLO:0007906,CLO:0007906
MV-411,CLO_0007906,,
MV-4-11,CLO_0007906,CLO:0007906,CLO:0007906
MV-4-11_Childhood_acute_monocytic_leukemia,CLO_0007906,,
MV-4-11_Childhood_acute_monocytic_leukemia_SHFLT3,CLO_0007906,,
MV411_DMSO,CLO_0007906,,
MV411_untreat,CLO_0007906,,
mycosis fungoides T cell lymphoma cell line:HuT 102 TIB-162,CLO_0004303,,
myelodysplastic syndrome cell line:SKM-1,CLO_0037289,,
myeloma cell line:PCM6,CLO_0051009,,
myxofibrosarcoma cell line:MFH-ino,CLO_0050084,,
myxofibrosarcoma cell line:NMFH-1,CLO_0050023,,
N87 DMSO,CLO_0008129,,
Nalm6,CLO_0007938,CLO:0007938;CLO:0050970,CLO:0007938;CLO:0050970
NALM-6,CLO_0007938,CLO:0007938;CLO:0050970,CLO:0007938;CLO:0050970
Nalm6_1,CLO_0007938,,
NALM6_2,CLO_0007938,,
NALM-6_adult_B_acute_lymphoblastic_leukemia,CLO_0007938,,
NALM-6_adult_B_acute_lymphoblastic_leukemia_CASP1,CLO_0007938,,
Namalwa,CLO_0007939,CLO:0007939,CLO:0007939
Namalwa_Burkitt_lymphoma,CLO_0007939,,
Nb4,CLO_0007947,CLO:0007947,CLO:0007947
NB4,CLO_0007947,CLO:0007947,CLO:0007947
NB4_1,CLO_0007947,,
NB4_acute_promyelocytic_leukemia_,CLO_0007947,,
NB69,CLO_0050263,CLO:0050263,CLO:0050263
NB-69,CLO_0050263,CLO:0050263,CLO:0050263
NB69_neuroblastoma,CLO_0050263,,
NBsusSR,CLO_0050117,CLO:0050117,CLO:0050117
NCCIT,CLO_0007955,CLO:0007955,CLO:0007955
NCCIT_testicular_embryonic_carcinoma,CLO_0007955,,
NCCIT_testicular_embryonic_carcinoma_SNF5,CLO_0007955,,
NCC-IT-A3,CLO_0037149,CLO:0037149,CLO:0037149
NCI-H1048,CLO_0007979,CLO:0007979,CLO:0007979
NCI-H1048_no infection,CLO_0007979,,
NCI-H1048_p8-15,CLO_0007979,,
NCI-H1048-cas9_sgHROSA,CLO_0007979,,
NCI-H1048-cas9_sgPOU2F3,CLO_0007979,,
NCI-H1092_p8-15,CLO_0007980,,
NCI-H128,CLO_0007985,CLO:0007985,CLO:0007985
NCI-H128_no infection,CLO_0007985,,
NCI-H128_small_cell_lung_carcinoma,CLO_0007985,,
NCI-H1299,CLO_0007986,CLO:0007986,CLO:0007986
NCI-H1299_EGFP-NEO_reporter_cells_DAC,CLO_0007986,,
NCI-H1299_EGFP-NEO_reporter_cells_DACSB,CLO_0007986,,
NCI-H1299_EGFP-NEO_reporter_cells_DMSO,CLO_0007986,,
NCI-H1299_EGFP-NEO_reporter_cells_SAHA,CLO_0007986,,
NCI-H1299_EGFP-NEO_reporter_cells_SB939,CLO_0007986,,
NCI-H1299_large_cell_lung_carcinoma,CLO_0007986,,
NCI-H1299_mutSMARCA4,CLO_0007986,,
NCI-H1299_mutSMARCA4_Dox,CLO_0007986,,
NCI-H1299_wtSMARCA4,CLO_0007986,,
NCI-H1299_wtSMARCA4_Dox,CLO_0007986,,
NCI-H1299-wtSMARCA4_Dox_SAHA,CLO_0007986,,
NCI-H1385,CLO_0007991,CLO:0007991,CLO:0007991
NCI-H146_no infection,CLO_0007998,,
NCI-H1703,CLO_0008014,CLO:0008014,CLO:0008014
NCI-H1703_squamous_cell_lung_carcinoma_,CLO_0008014,,
NCI-H1770,CLO_0008017,CLO:0008017,CLO:0008017
NCI-H1819,CLO_0008021,CLO:0008021,CLO:0008021
NCI-H1963,CLO_0008034,CLO:0008034,CLO:0008034
NCI-H1975,CLO_0008035,CLO:0008035,CLO:0008035
NCI-H2009,CLO_0008038,CLO:0008038,CLO:0008038
NCI-H2052,CLO_0008042,CLO:0008042,CLO:0008042
NCI-H2087,CLO_0008048,CLO:0008048,CLO:0008048
NCI-H2107,CLO_0008051,CLO:0008051,CLO:0008051
NCI-H2107_p8-15,CLO_0008051,,
NCI-H2107_small_cell_lung_carcinoma,CLO_0008051,,
NCI-H211_no infection,CLO_0008053,,
NCI-H211_p8-15,CLO_0008053,,
NCI-H2171,CLO_0008060,CLO:0008060,CLO:0008060
NCI-H2171 cells,CLO_0008060,,CLO:0008060
NCI-H2171_p8-15,CLO_0008060,,
NCI-H2171_small_cell_lung_carcinoma,CLO_0008060,,
NCI-H226,CLO_0008068,CLO:0008068,CLO:0008068
NCI-H23,CLO_0008071,CLO:0008071,CLO:0008071
NCI-H2452,CLO_0008077,CLO:0008077,CLO:0008077
NCI-H28,CLO_0008079,CLO:0008079,CLO:0008079
NCI-H295R,CLO_0008082,CLO:0008082,CLO:0008082
NCI-H3122,CLO_0037033,CLO:0037033,CLO:0037033
NCI-H3122_lung_adenocarcinoma,CLO_0037033,,
NCI-H358,CLO_0008085,CLO:0008085,CLO:0008085
NCI-H358_human_nnon_small_cell_lung_cancer_cell_line,CLO_0008085,,
NCI-H378_p8-15,CLO_0008086,,
NCI-H441,CLO_0008087,CLO:0008087,CLO:0008087
NCI-H441_squamous_cell_lung_carcinoma_,CLO_0008087,,
NCI-H441_squamous_cell_lung_carcinoma__SIITTF1,CLO_0008087,,
NCI-H446_no infection,CLO_0008088,,
NCIH460,CLO_0008089,CLO:0003601;CLO:0008089,CLO:0003601;CLO:0008089
NCI-H460,CLO_0008089,CLO:0003601;CLO:0008089,CLO:0003601;CLO:0008089
NCI-H460_Large_cell_lung_carcinoma,CLO_0008089,,
NCI-H510_p8-15,CLO_0008092,,
NCI-H510A_no infection,CLO_0008092,,
NCI-H520,CLO_0008093,CLO:0008093,CLO:0008093
NCI-H524,CLO_0008095,CLO:0008095,CLO:0008095
NCI-H524_no infection,CLO_0008095,,
NCI-H524_p8-15,CLO_0008095,,
NCI-H524_small_cell_lung_carcinoma,CLO_0008095,,
NCI-H526,CLO_0008096,CLO:0008096,CLO:0008096
NCI-H526_no infection,CLO_0008096,,
NCI-H526_p8-15,CLO_0008096,,
NCI-H650,CLO_0008101,CLO:0008101,CLO:0008101
NCI-H69,CLO_0008105,CLO:0003609;CLO:0008105,CLO:0003609;CLO:0008105
NCI-H69_DMSO,CLO_0008105,,
NCI-H69_no infection,CLO_0008105,,
NCI-H69_p8-15,CLO_0008105,,
NCI-H727,CLO_0008111,CLO:0008111,CLO:0008111
NCIH810,CLO_0008117,CLO:0008117,CLO:0008117
NCI-H82,CLO_0008118,CLO:0008118,CLO:0008118
NCI-H82_DMSO,CLO_0008118,,
NCI-H82_no infection,CLO_0008118,,
NCI-H82_small_cell_lung_carcinoma,CLO_0008118,,
NCI-H838,CLO_0008121,CLO:0008121,CLO:0008121
NCI-H838_lung_adenocarcinoma,CLO_0008121,,
NCI-H889,CLO_0008125,CLO:0008125,CLO:0008125
NCI-H889_no infection,CLO_0008125,,
NCI-H889_p8-15,CLO_0008125,,
NCI-H889_small_cell_lung_carcinoma,CLO_0008125,,
ncih929,CLO_0008127,CLO:0008127,CLO:0008127
NCI-H929,CLO_0008127,CLO:0008127,CLO:0008127
NCR-G1,CLO_0051395,CLO:0051395,CLO:0051395
NEC14,CLO_0051392,CLO:0051392,CLO:0051392
NEC15,CLO_0051393,CLO:0051393,CLO:0051393
NEC8,CLO_0051391,CLO:0051391,CLO:0051391
neuroblastoma cell line:CHP-134,CLO_0051417,,
neuroblastoma cell line:NBsusSR,CLO_0050117,,
neuroblastoma cell line:NH-12,CLO_0050267,,
neuroectodermal tumor cell line:FU-RPNT-1,CLO_0050891,,
neuroectodermal tumor cell line:FU-RPNT-2,CLO_0050901,,
neuroectodermal tumor cell line:TASK1,CLO_0037092,,
neuroepithelioma cell line:SK-N-MC,CLO_0009058,,
neurofibroma cell line:Hs 53.T,CLO_0003987,,
NGP,CLO_0037091,CLO:0037091,CLO:0037091
NGP_ctrl,CLO_0037091,,
NGP_neuroblastoma,CLO_0037091,,
NGPz_untreat,CLO_0037091,,
NH-12,CLO_0050267,CLO:0050267,CLO:0050267
NK-92,CLO_0008177,CLO:0008177,CLO:0008177
NKM-1,CLO_0009850,CLO:0009850,CLO:0009850
NMFH-1,CLO_0050023,,
NOMO1,CLO_0009851,CLO:0009851,CLO:0009851
NOMO-1,CLO_0009851,CLO:0009851,CLO:0009851
NOMO-1_acute_monocytic_leukemia,CLO_0009851,,
non T non B acute lymphoblastic leukemia (ALL) cell line:P30/OHK,CLO_0051011,,
normal embryonic palatal mesenchymal cell line:HEPM,CLO_0003714,,
normal intestinal epithelial cell line:FHs 74 Int,CLO_0003245,,
NOR-P1,CLO_0050103,CLO:0050103,CLO:0050103
NT2/D1,CLO_0008207,CLO:0008207;CLO:0037150,CLO:0008207;CLO:0037150
NT2-D1,CLO_0008207,CLO:0008207;CLO:0037150,CLO:0008207;CLO:0037150
NT2-D1_embryonic_carcinoma,CLO_0008207,,
NTERA2,CLO_0008208,CLO:0008208,CLO:0008208
NUGC-4,CLO_0050789,CLO:0050789,CLO:0050789
OCI-AML3,CLO_0009853,CLO:0009853,CLO:0009853
OCI-AML-3,CLO_0009853,CLO:0009853,CLO:0009853
OCI-AML3 cells,CLO_0009853,,CLO:0009853
OCI-Ly19,CLO_0037052,CLO:0037052,CLO:0037052
OCI-LY19_diffuse_large_B-cell_lymphoma,CLO_0037052,,
OCUM1,CLO_0037145,CLO:0037145,CLO:0037145
OE33,CLO_0008240,CLO:0008240,CLO:0008240
OMC-2,CLO_0050887,CLO:0050887,CLO:0050887
OMC-9,CLO_0050888,CLO:0050888,CLO:0050888
ONS-76,CLO_0009900,CLO:0009900,CLO:0009900
oral squamous cell carcinoma cell line:Ca9-22,CLO_0051380,,
oral squamous cell carcinoma cell line:HO-1-u-1,CLO_0051384,,
oral squamous cell carcinoma cell line:HSC-3,CLO_0051569,,
oral squamous cell carcinoma cell line:SAS,CLO_0051568,,
OS-RC-2,CLO_0050889,CLO:0050889,CLO:0050889
osteoclastoma cell line:Hs 706.T,CLO_0004066,,
osteosarcoma cell line:143B/TK^(-)neo^(R),CLO_0001088,,
osteosarcoma cell line:HS-Os-1,CLO_0050022,,
Ovarian Cancer Cell,CLO_0037296,,
OVCAR-3,CLO_0008279,CLO:0008171;CLO:0008279;CLO:0051451,CLO:0008171;CLO:0008279;CLO:0051451
OVCAR3_high_grade_ovarian_serous_adenocarcinoma,CLO_0008279,,
OVCAR-5,CLO_0008280,CLO:0008280,CLO:0008280
P12,CLO_0008298,CLO:0008298,CLO:0008298
P12_ICHIKAWA,CLO_0008298,,
P12_P12-Ichikawa_Childhood_T_acute_lymphoblastic_leukemia,CLO_0008298,,
P12-ICHIKAWA,CLO_0008298,CLO:0008298,CLO:0008298
P30,CLO_0051011,,
P31,CLO_0009855,,
PA-1,CLO_0008350,CLO:0008350,CLO:0008350
pagetoid sarcoma cell line:Hs 925.T,CLO_0004233,,
Panc1,CLO_0008381,CLO:0008381;CLO:0050102,CLO:0008381;CLO:0050102
PANC1,CLO_0008381,CLO:0008381;CLO:0050102,CLO:0008381;CLO:0050102
panc1,CLO_0008381,CLO:0008381;CLO:0050102,CLO:0008381;CLO:0050102
PANC-1,CLO_0008381,CLO:0008381;CLO:0050102,CLO:0008381;CLO:0050102
PANC1_1,CLO_0008381,,
PANC1_2,CLO_0008381,,
PANC1_3,CLO_0008381,,
PANC1_4,CLO_0008381,,
PANC1_pancreatic_ductal_adenocarcinoma,CLO_0008381,,
PANC1-untreated,CLO_0008381,,
pancreatic carcinoma cell line:NOR-P1,CLO_0050103,,
papillary adenocarcinoma cell line:8505C,CLO_0001513,,
papillotubular adenocarcinoma cell line:TGBC18TKB,CLO_0051538,,
Patu8902-untreated,CLO_0008382,,
PATU8988,CLO_0008383,,
PATU8988S WT,CLO_0008383,,
PATU8988S_GFP_DOX,CLO_0008383,,
PaTu8988S_pancreatic_adenocarcinoma,CLO_0008383,,
PATU8988S_TP63dN_DOX,CLO_0008383,,
PC_3,CLO_0008395,,
PC-14,CLO_0008394,CLO:0008394,CLO:0008394
PC3,CLO_0008395,CLO:0008395;CLO:0037036;CLO:0051535,CLO:0008395;CLO:0037036;CLO:0051535
PC-3,CLO_0008395,CLO:0008395;CLO:0037036;CLO:0051535,CLO:0008395;CLO:0037036;CLO:0051535
PC3 cells,CLO_0008395,,CLO:0008395;CLO:0037036;CLO:0051535
PC3_COMBO,CLO_0008395,,
PC3_DMSO,CLO_0008395,,
PC3_GSK126,CLO_0008395,,
PC3_Vorinostat,CLO_0008395,,
PC3bone_mets_prostate_adenocarcinoma,CLO_0008395,,
PC3bone_mets_prostate_adenocarcinoma_R1881,CLO_0008395,,
PCM6,CLO_0051009,CLO:0051009,CLO:0051009
peripheral neuroectodermal tumor cell line:KU-SN,CLO_0050141,,
PF382,CLO_0008421,CLO:0008421,CLO:0008421
PF-382,CLO_0008421,CLO:0008421,CLO:0008421
PF-382_childhood_T_acute_lymphoblastic_leukemia,CLO_0008421,,
Pfeiffer,CLO_0008423,CLO:0008423,CLO:0008423
PFEIFFER,CLO_0008423,CLO:0008423,CLO:0008423
Pfeiffer_DMSO,CLO_0008423,,
PFSK1,CLO_0008425,CLO:0008425,CLO:0008425
PFSK-1,CLO_0008425,CLO:0008425,CLO:0008425
PFSK1_primitive_neuroectodermal_tumor,CLO_0008425,,
pharyngeal carcinoma cell line:Detroit 562,CLO_0002752,,
plasma cell leukemia cell line:ARH-77,CLO_0001745,,
PLC\PRF\5,CLO_0008458,,
pleomorphic hepatocellular carcinoma cell line:SNU-387,CLO_0009097,,
Primary Human BJ Fibroblasts,CLO_0001980,,
prostate cancer cell line:DU145,CLO_0002840,,
prostate cancer cell line:PC-3,CLO_0008395,,
prostate carcinoma epithelial cell line 22Rv1,CLO_0001200,,
ps15-u2os-eto,CLO_0009454,,
PSN1-untreated,CLO_0008512,,
QGP-1,CLO_0037113,CLO:0037113,CLO:0037113
ra1,CLO_0008738,,
RAJI,CLO_0008734,CLO:0008734;CLO:0019014;CLO:0050995,CLO:0008734;CLO:0019014;CLO:0050995
Raji,CLO_0008734,CLO:0008734;CLO:0019014;CLO:0050995,CLO:0008734;CLO:0019014;CLO:0050995
Raji lymphoblastic B cells,CLO_0008734,,
Raji_B,CLO_0008734,,
Raji_Burkitt_lymphoma,CLO_0008734,,
Raji_DMSO,CLO_0008734,,
Raji_JQ1,CLO_0008734,,
Ramos,CLO_0008738,CLO:0008738;CLO:0008739,CLO:0008738;CLO:0008739
RAMOS,CLO_0008738,CLO:0008738;CLO:0008739,CLO:0008738;CLO:0008739
RCC_7860_Renal_cell_carcinoma,CLO_0001486,,
RD,CLO_0037056,CLO:0008693;CLO:0008770,CLO:0008693;CLO:0008770
RD-Fusion-Negative-Rhabdomyosarcoma,CLO_0037056,,
REC1,CLO_0037056,CLO:0037056,CLO:0037056
REC-1,CLO_0037056,CLO:0037056,CLO:0037056
Rec-1_GSI,CLO_0037056,,
REC-1_Mantle_cell_lymphoma,CLO_0037056,,
Rec-1_WO,CLO_0037056,,
rectal cancer cell line:TT1TKB,CLO_0051401,,
REH,CLO_0008781,CLO:0008781;CLO:0008782,CLO:0008781;CLO:0008782
Reh,CLO_0008781,CLO:0008781;CLO:0008782,CLO:0008781;CLO:0008782
Reh_ATCC_CRL-8286,CLO_0008781,,
renal cell carcinoma cell line:OS-RC-2,CLO_0050889,,
renal cell carcinoma cell line:TUHR10TKB,CLO_0050896,,
RERF-GC-1B,CLO_0037146,CLO:0037146,CLO:0037146
RERF-LC-AI,CLO_0050027,CLO:0050027,CLO:0050027
retinoblastoma cell line:Y79,CLO_0009709,,
Rh1,CLO_0009878,CLO:0009878,CLO:0009878
RH30,CLO_0037074,CLO:0009030;CLO:0037074;CLO:0037076,CLO:0009030;CLO:0037074;CLO:0037076
Rh41,CLO_0037075,CLO:0037075,CLO:0037075
rhabdomyosarcoma cell line:KYM-1,CLO_0037073,,
rhabdomyosarcoma cell line:RMS-YM,CLO_0050151,,
RKO,CLO_0008825,CLO:0008825,CLO:0008825
RL,CLO_0008828,CLO:0008828,CLO:0008828
RL DMSO,CLO_0008828,,
RL_lenalidomide_tazemetostat,CLO_0008828,,
RL_R1446C_gRNA1,CLO_0008828,,
RL_R1446C_gRNA1_KDAC001,CLO_0008828,,
RL_R1446C_gRNA1_KDAC005,CLO_0008828,,
RL_tazemetostat,CLO_0008828,,
RL_WT_gRNA1,CLO_0008828,,
RL95-2,CLO_0008830,CLO:0008830,CLO:0008830
RL95-2_endometrial_adenosquamous_carcinoma,CLO_0008830,,
RMG1_ARID1A KO,CLO_0037103,,
RMG-I,CLO_0037103,CLO:0037103,CLO:0037103
RMS-YM,CLO_0050151,CLO:0050151,CLO:0050151
RPMI 2650,CLO_0008876,CLO:0008869;CLO:0008876,CLO:0008869;CLO:0008876
RPMI1788,CLO_0051022,CLO:0008867;CLO:0013924;CLO:0031846;CLO:0051022,CLO:0008867;CLO:0013924;CLO:0031846;CLO:0051022
RPMI7951,CLO_0008877,CLO:0008877,CLO:0008877
RPMI8402,CLO_0009857,CLO:0008874;CLO:0009857,CLO:0008874;CLO:0009857
RPMI-8402,CLO_0009857,CLO:0008874;CLO:0009857,CLO:0008874;CLO:0009857
RPMI-8402_T_acute_lymphoblastic_leukemia,CLO_0009857,,
RS4_11_AZD1775 _10h,CLO_0008883,,
RS4_11_AZD1775 _4h,CLO_0008883,,
RS4_11_DMSO_10h,CLO_0008883,,
RS4_11_DMSO_4h,CLO_0008883,,
RS411,CLO_0008883,CLO:0008883,CLO:0008883
RS4-11,CLO_0008883,CLO:0008883,CLO:0008883
RS4-11_adult_B_acute_lymphoblastic_leukemia,CLO_0008883,,
RS4-11_adult_B_acute_lymphoblastic_leukemia_DEX,CLO_0008883,,
RWPE1,CLO_0008905,CLO:0008905,CLO:0008905
RWPE-1,CLO_0008905,CLO:0008905,CLO:0008905
RWPE1 Lacz rep1,CLO_0008905,,
RWPE1 Schlap1 rep1,CLO_0008905,,
RWPE1_prostate_epithelial_cells,CLO_0008905,,
RWPE2,CLO_0008906,CLO:0008906,CLO:0008906
RWPE-2,CLO_0008906,CLO:0008906,CLO:0008906
sacrococcigeal teratoma cell line:HTST,CLO_0050139,,
SAH_SMARCB1_K364del/+,CLO_0037307,,
SAH_WT,CLO_0037307,,
Saos-2,CLO_0008947,CLO:0008947;CLO:0050140,CLO:0008947;CLO:0050140
SaOS-2,CLO_0008947,CLO:0008947;CLO:0050140,CLO:0008947;CLO:0050140
SaOS2_osteosarcoma,CLO_0008947,,
saos-rep1,CLO_0008947,,
saos-rep2,CLO_0008947,,
SAS,CLO_0051568,CLO:0051568,CLO:0051568
SCC25,CLO_0008967,CLO:0008967,CLO:0008967
SCC-25,CLO_0008967,CLO:0008967,CLO:0008967
SCC-9,CLO_0008969,CLO:0008969,CLO:0008969
SCH,CLO_0037148,CLO:0037148,CLO:0037148
schwannoma cell line:HS-PSS,CLO_0051534,,
schwannoma cell line:HS-PSS tech_rep2,CLO_0051534,,
serous adenocarcinoma cell line:JHOS-2,CLO_0051440,,
serous adenocarcinoma cell line:SK-OV-3-R after co-culture with SOC-57-02-G biol_rep1,CLO_0009063,,
serous adenocarcinoma cell line:SK-OV-3-R biol_rep1,CLO_0009063,,
serous cystadenocarcinoma cell line:HTOA,CLO_0051442,,
SF268,CLO_0009902,CLO:0009902,CLO:0009902
SF268_astrocytoma_,CLO_0009902,,
SHSY5Y,CLO_0009015,CLO:0009015,CLO:0009015
SH-SY5Y,CLO_0009015,CLO:0009015,CLO:0009015
SH-SY5Y_DMSO_3h,CLO_0009015,,
SH-SY5Y_neuroblastoma,CLO_0009015,,
SH-SY5Y_neuroblastoma_OVERMYCN_24H,CLO_0009015,,
SH-SY5Y_neuroblastoma_OVERMYCN_48H,CLO_0009015,,
SH-SY5Y_untreat,CLO_0009015,,
SH-SY5Y-MYCN-OFF,CLO_0009015,,
signet ring carcinoma cell line:Kato III,CLO_0007073,,
signet ring carcinoma cell line:NUGC-4,CLO_0050789,,
SiHa,CLO_0009017,CLO:0009017,CLO:0009017
SJCRH30,CLO_0037076,CLO:0009030;CLO:0037074;CLO:0037076,CLO:0009030;CLO:0037074;CLO:0037076
SJSA-1,CLO_0009031,CLO:0009031,CLO:0009031
SJSA-1osteosarcoma,CLO_0009031,,
SK-BR-3,CLO_0009034,CLO:0009034;CLO:0037295,CLO:0009034;CLO:0037295
SK-BR-3_breast_adenocarcinoma,CLO_0009034,,
SK-BR-3_breast_adenocarcinoma_EGF,CLO_0009034,,
SK-BR-3_breast_adenocarcinoma_HRG,CLO_0009034,,
SK-ES-1,CLO_0009036,CLO:0009036,CLO:0009036
SKG-II-SF,CLO_0050918,CLO:0050918,CLO:0050918
SK-LMS-1_HDAC4KO,CLO_0009038,,
SK-LMS-1_WT,CLO_0009038,,
SKM-1,CLO_0037289,CLO:0037289,CLO:0037289
SKMEL2,CLO_0009041,CLO:0009041,CLO:0009041
SK-MEL-28,CLO_0009043,CLO:0009043,CLO:0009043
SKMEL30,CLO_0009045,CLO:0009045,CLO:0009045
SKMEL5,CLO_0009047,CLO:0009047,CLO:0009047
SK-MEL-5,CLO_0009047,CLO:0009047,CLO:0009047
SK-MEL-5_Cutaneous_melanoma,CLO_0009047,,
SK-MEL-5_DMSO_6h,CLO_0009047,,
SKMNC,CLO_0009058,,
SK-N-AS,CLO_0009051,CLO:0009051,CLO:0009051
SK-N-AS_neuroblastoma,CLO_0009051,,
SK-N-BE_2_-C,CLO_0009053,,
SK-N-BE_2_-C_GFP_control,CLO_0009053,,
SK-N-BE_2_-C_naive_JQ1,CLO_0009053,,
SK-N-BE_2_-C_naive_vehicle,CLO_0009053,,
SK-N-BE_2_-C_PI3K_engineered,CLO_0009053,,
SK-N-BE_2_-C_resistant_JQ1,CLO_0009053,,
SK-N-BE_2_-C_resistant_vehicle,CLO_0009053,,
SK-N-BE_2-C,CLO_0009053,,
SK-N-BE2,CLO_0009052,CLO:0009052,CLO:0009052
SK-N-BE2-C,CLO_0009053,,
SKNDZ,CLO_0009054,CLO:0009054,CLO:0009054
SK-N-DZ,CLO_0009054,CLO:0009054,CLO:0009054
SK-N-FI,CLO_0009057,CLO:0009056;CLO:0009057,CLO:0009056;CLO:0009057
SKNMC,CLO_0009058,CLO:0009058,CLO:0009058
SK-N-MC,CLO_0009058,CLO:0009058,CLO:0009058
SK-N-MC_Askin_tumor,CLO_0009058,,
SK-N-MC_Askin_tumor_SHFLI_48H,CLO_0009058,,
SK-N-MC_Askin_tumor_SHFLI_96H,CLO_0009058,,
SK-N-MC_Askin_tumor_SHGFP_48H,CLO_0009058,,
SK-N-MC_Askin_tumor_SHGFP_96H,CLO_0009058,,
SKNSH,CLO_0009059,CLO:0009059;CLO:0050268,CLO:0009059;CLO:0050268
sknsh,CLO_0009059,CLO:0009059;CLO:0050268,CLO:0009059;CLO:0050268
SK-N-SH,CLO_0009059,CLO:0009059;CLO:0050268,CLO:0009059;CLO:0050268
SK-N-SH_neuroblastoma,CLO_0009059,,
SKOV3,CLO_0009063,CLO:0009063,CLO:0009063
SK-OV3,CLO_0009063,CLO:0009063,CLO:0009063
SK-OV-3_ovarian_serous_cystadenocarcinoma,CLO_0009063,,
SK-OV-3-R,CLO_0009063,,
SK-PN-DW,CLO_0009064,CLO:0009064,CLO:0009064
SK-UT-1,CLO_0009065,CLO:0009065,CLO:0009065
SKW-3,CLO_0009068,CLO:0009068;CLO:0051007,CLO:0009068;CLO:0051007
SLVL,CLO_0050869,CLO:0050869,CLO:0050869
small cell gastrointestinal carcinoma cell line:ECC10,CLO_0050796,,
small cell lung carcinoma cell line:LK-2,CLO_0050064,,
small cell lung carcinoma cell line:NCI-H82,CLO_0008118,,
small cell lung carcinoma cell line:WA-hT,CLO_0050041,,
small-cell gastrointestinal carcinoma cell line:ECC4,CLO_0051398,,
SNU016,CLO_0009095,,
SNU16,CLO_0009095,CLO:0009095,CLO:0009095
SNU-387,CLO_0009097,CLO:0009097,CLO:0009097
SNU-398,CLO_0009098,CLO:0009098,CLO:0009098
somatostatinoma cell line:QGP-1,CLO_0037113,,
spindle cell sarcoma cell line:Hs 132.T,CLO_0003848,,
splenic lymphoma with villous lymphocytes cell line:SLVL,CLO_0050869,,
squamous cell carcinoma cell line:EC-GI-10,CLO_0051378,,
squamous cell lung carcinoma cell line:EBC-1,CLO_0050039,,
StromaNKtert,CLO_0051546,CLO:0051546,CLO:0051546
SU-DHL-1_ALK+,CLO_0009160,,
SU-DHL-1_Anaplastic_large_cell_lymphoma,CLO_0009160,,
SU-DHL-10,CLO_0037059,CLO:0037059,CLO:0037059
SU-DHL-10_diffuse_large_B-cell_lymphoma,CLO_0037059,,
sudhl4,CLO_0037061,CLO:0037061,CLO:0037061
SUDHL-4,CLO_0037061,CLO:0037061,CLO:0037061
SU-DHL-4,CLO_0037061,CLO:0037061,CLO:0037061
SU-DHL-4_diffuse_large_B-cell_lymphoma,CLO_0037061,,
SU-DHL-5,CLO_0037062,CLO:0037062,CLO:0037062
SUDHL6,CLO_0037063,CLO:0037063,CLO:0037063
SU-DHL-6,CLO_0037063,CLO:0037063,CLO:0037063
SU-DHL-6_diffuse_large_B-cell_lymphoma,CLO_0037063,,
SUIT-2,CLO_0037114,CLO:0037114,CLO:0037114
SUIT2 WT,CLO_0037114,,
SUIT2_GFP,CLO_0037114,,
SUIT2_MTV,CLO_0037114,,
SUIT2_TP63dN,CLO_0037114,,
SUIT2_TP63dN_DOX,CLO_0037114,,
SUM1315,CLO_0009916,CLO:0009916,CLO:0009916
SUM149,CLO_0009917,CLO:0009917,CLO:0009917
SUM149PT,CLO_0009917,CLO:0009917,CLO:0009917
SUM159,CLO_0009918,CLO:0009918,CLO:0009918
SUM159_BRD7_KO,CLO_0009918,,
SUM159_DMSO_24h,CLO_0009918,,
SUM159_WT,CLO_0009918,,
SUM159PT,CLO_0009918,CLO:0009918,CLO:0009918
SUM159PT_Triple_negative_breast_cancer,CLO_0009918,,
SUM159PT-BT-474,CLO_0009918,,
SUM159PT-MCF-7,CLO_0009918,,
SUM159PT-T47D,CLO_0009918,,
SUM159PT-ZR-75-1,CLO_0009918,,
SUM159R,CLO_0009918,,
SUM185,CLO_0009919,CLO:0009919,CLO:0009919
SUM229PE,CLO_0009921,CLO:0009921,CLO:0009921
SUP-B15,CLO_0009161,CLO:0009161,CLO:0009161
SupB15 ACY1035,CLO_0009161,,
SupB15 DMSO,CLO_0009161,,
SUP-B15_Childhood_B_acute_lymphoblastic_leukemia,CLO_0009161,,
SUP-M2_ALK+,CLO_0037065,,
SupT1_WT,CLO_0009164,,
SW 1353,CLO_0009186,CLO:0009186;CLO:0009210,CLO:0009186;CLO:0009210
SW 1573,CLO_0009190,CLO:0009190,CLO:0009190
SW 872,CLO_0009201,CLO:0009201;CLO:0037071,CLO:0009201;CLO:0037071
SW-13,CLO_0009209,CLO:0009185;CLO:0009209,CLO:0009185;CLO:0009209
SW1353,CLO_0009186,CLO:0009186;CLO:0009210,CLO:0009186;CLO:0009210
SW1353_chondrosarcoma,CLO_0009186,,
SW1783,CLO_0009191,CLO:0009191,CLO:0009191
SW1990,CLO_0009192,CLO:0009192;CLO:0009194,CLO:0009192;CLO:0009194
SW403,CLO_0009215,CLO:0009193;CLO:0009214;CLO:0009215,CLO:0009193;CLO:0009214;CLO:0009215
SW48,CLO_0009216,CLO:0009216,CLO:0009216
SW480,CLO_0009218,CLO:0009195;CLO:0009217;CLO:0009218,CLO:0009195;CLO:0009217;CLO:0009218
Sw480,CLO_0009218,CLO:0009195;CLO:0009217;CLO:0009218,CLO:0009195;CLO:0009217;CLO:0009218
SW480_colon_adenocarcinoma,CLO_0009218,,
SW620,CLO_0009221,CLO:0009196;CLO:0009221,CLO:0009196;CLO:0009221
SW620_colon_adenocarcinoma,CLO_0009221,,
SW872_CAMTA1,CLO_0009201,,
SW872_Empty Vector,CLO_0009201,,
SW872_TAZ_CAMTA1,CLO_0009201,,
SW872_TAZ4SA,CLO_0009201,,
SW872_TFE3,CLO_0009201,,
SW872_YAP_TFE3,CLO_0009201,,
SW872_YAP5SA,CLO_0009201,,
SW982,CLO_0037072,CLO:0009206;CLO:0037072,CLO:0009206;CLO:0037072
synovial sarcoma cell line:HS-SY-II,CLO_0050072,,
T24,CLO_0009245,CLO:0009235;CLO:0009245;CLO:0050843;CLO:0050844,CLO:0009235;CLO:0009245;CLO:0050843;CLO:0050844
T24_1_high,CLO_0009245,,
T24_1_low,CLO_0009245,,
T24_2_low,CLO_0009245,,
T3M-3,CLO_0050641,CLO:0050641,CLO:0050641
T3M4 wt,CLO_0050113,,
T470,CLO_0009251,,
T47D,CLO_0009251,CLO:0009251,CLO:0009251
t47d,CLO_0009251,CLO:0009251,CLO:0009251
T-47D,CLO_0009251,CLO:0009251,CLO:0009251
T47D noSerum,CLO_0009251,,
T47D Serum,CLO_0009251,,
T-47D_1,CLO_0009251,,
T-47D_2,CLO_0009251,,
T47D_Full,CLO_0009251,,
T47D_invasive_ductal_carcinoma,CLO_0009251,,
T47D_invasive_ductal_carcinoma_DEX,CLO_0009251,,
T47D_invasive_ductal_carcinoma_E2,CLO_0009251,,
T47D_invasive_ductal_carcinoma_PROG,CLO_0009251,,
T47D_invasive_ductal_carcinoma_R5020,CLO_0009251,,
T47D_shCtrl_0hr,CLO_0009251,,
T47D_shCtrl_24hr,CLO_0009251,,
T47D_shCtrl_45min,CLO_0009251,,
T47D_shCtrl_8hr,CLO_0009251,,
T47D_shCtrl_shRING1B_0,CLO_0009251,,
T47D_shCtrl_shRING1B_24hr,CLO_0009251,,
T47D_shCtrl_shRING1B_45min,CLO_0009251,,
T47D_shCtrl_shRING1B_8hr,CLO_0009251,,
T-47D_untreat,CLO_0009251,,
T-47D-A,CLO_0009251,,
T47D-A1-2,CLO_0009251,,
T-47D-B,CLO_0009251,,
t47d-e2pg,CLO_0009251,,
T47D-MTVL,CLO_0009251,,
T-47D-MTVL,CLO_0009251,,
t47d-pg,CLO_0009251,,
T98G,CLO_0009258,CLO:0009236;CLO:0009258;CLO:0050636,CLO:0009236;CLO:0009258;CLO:0050636
TALL-1,CLO_0051547,,
TASK1,CLO_0037092,CLO:0037092,CLO:0037092
TC71,CLO_0009879,CLO:0009879;CLO:0021329,CLO:0009879;CLO:0021329
TC-71,CLO_0009879,CLO:0009879;CLO:0021329,CLO:0009879;CLO:0021329
TC71_SA2 KO,CLO_0009879,,
TC71_WT,CLO_0009879,,
TCO-1,CLO_0050920,,
TE 354.T,CLO_0009299,CLO:0009299,CLO:0009299
TE5,CLO_0009287,CLO:0051375,CLO:0051375
TE-5,CLO_0009287,CLO:0051375,CLO:0051375
TE5_1,CLO_0009287,,
TE-671,CLO_0009305,CLO:0009305;CLO:0009317,CLO:0009305;CLO:0009317
TE7,CLO_0009319,CLO:0009319,CLO:0009319
TE7_1,CLO_0009319,,
TEN,CLO_0050884,CLO:0050884,CLO:0050884
teratocarcinoma cell line:NCC-IT-A3,CLO_0037149,,
teratocarcinoma cell line:NCR-G1,CLO_0051395,,
teratocarcinoma cell line:PA-1,CLO_0008350,,
testicular germ cell embryonal carcinoma cell line:NEC14,CLO_0051392,,
testicular germ cell embryonal carcinoma cell line:NEC15,CLO_0051393,,
testicular germ cell embryonal carcinoma cell line:NEC8,CLO_0051391,,
TF1,CLO_0009325,CLO:0009325;CLO:0009326,CLO:0009325;CLO:0009326
TF-1_erythroleukemia,CLO_0009325,,
TFK-1,CLO_0009330,CLO:0009330;CLO:0050010,CLO:0009330;CLO:0050010
TGBC14TKB,CLO_0050016,CLO:0050016,CLO:0050016
TGBC18TKB,CLO_0051538,CLO:0051538,CLO:0051538
TGBC2TKB,CLO_0009348,CLO:0050015,CLO:0050015
THP-1,CLO_0009348,CLO:0009348;CLO:0050999,CLO:0009348;CLO:0050999
THP1_1_high,CLO_0009348,,
THP1_1_low,CLO_0009348,,
THP-1_24h with EtOH,CLO_0009348,,
THP-1_acute_monocytic_leukemia,CLO_0009348,,
THP-1_acute_monocytic_leukemia_1H_125D,CLO_0009348,,
THP-1_acute_monocytic_leukemia_2D3,CLO_0009348,,
THP-1_acute_monocytic_leukemia_2H_125D,CLO_0009348,,
THP-1_acute_monocytic_leukemia_CAL,CLO_0009348,,
THP-1_acute_monocytic_leukemia_T09,CLO_0009348,,
THP1_DMSO_noPMA,CLO_0009348,,
THP-1_untr,CLO_0009348,,
THP-6 T-ALL,CLO_0009348,,
thyroid carcinoma cell line:TCO-1,CLO_0050920,,
TM-31,CLO_0050635,CLO:0050635,CLO:0050635
TMD8,CLO_0037272,,
TMD8_diffuse_large_B-cell_lymphoma,CLO_0037272,,
Toledo,CLO_0009382,CLO:0009382,CLO:0009382
TOLEDO,CLO_0009382,CLO:0009382,CLO:0009382
Toledo_CARM1i,CLO_0009382,,
TOV-21G,CLO_0009385,CLO:0009385,CLO:0009385
transitional-cell carcinoma cell line:5637,CLO_0001421,,
transitional-cell carcinoma cell line:JMSU1,CLO_0050846,,
T-REx-293,CLO_0037238,CLO:0037238,CLO:0037238
tridermal teratoma cell line:HGRT,CLO_0050118,,
TT1TKB,CLO_0051401,CLO:0051401,CLO:0051401
tubular adenocarcinoma cell line:SUIT-2,CLO_0037114,,
TUHR10TKB,CLO_0050896,CLO:0050896,CLO:0050896
U118,CLO_0009451,CLO:0009451,CLO:0009451
U-2 OS,CLO_0009454,CLO:0001272;CLO:0009454,CLO:0001272;CLO:0009454
U266,CLO_0009457,CLO:0009457;CLO:0009458,CLO:0009457;CLO:0009458
U266_plasma_cell_myeloma,CLO_0009457,,
U266B1,CLO_0009458,CLO:0009457;CLO:0009458,CLO:0009457;CLO:0009458
U2OS,CLO_0009454,CLO:0001272;CLO:0009454,CLO:0001272;CLO:0009454
U2-OS,CLO_0009454,CLO:0001272;CLO:0009454,CLO:0001272;CLO:0009454
U2OS_osteosarcoma,CLO_0009454,,
U2OS_osteosarcoma_DMSO,CLO_0009454,,
U2OS_osteosarcoma_Doxy,CLO_0009454,,
U2OS_osteosarcoma_DXR,CLO_0009454,,
U2OS_osteosarcoma_HEAT,CLO_0009454,,
U2OS_osteosarcoma_HEAT_20,CLO_0009454,,
U2OS_osteosarcoma_NUT,CLO_0009454,,
U2OS_osteosarcoma_SHHIC5,CLO_0009454,,
U2OS_osteosarcoma_SHMYC,CLO_0009454,,
U2OS_osteosarcoma_SHNS,CLO_0009454,,
U2OS_osteosarcoma_SHRCTR,CLO_0009454,,
U2OS_osteosarcoma_UV_16H,CLO_0009454,,
U2OS_osteosarcoma_UV_8H,CLO_0009454,,
U2OS_siMLL3.1,CLO_0009454,,
U2OS_siNC,CLO_0009454,,
u2os-6an,CLO_0009454,,
u2os-actd,CLO_0009454,,
u2os-actd-ps15,CLO_0009454,,
u2os-actd-ps46,CLO_0009454,,
U2OS-anaphase/telophase,CLO_0009454,,
u2os-dmso,CLO_0009454,,
u2os-eto,CLO_0009454,,
u2os-eto-ps15,CLO_0009454,,
u2os-eto-ps46,CLO_0009454,,
U2OS-interphase,CLO_0009454,,
U2OS-prometaphase,CLO_0009454,,
u87,CLO_0009464,CLO:0009463;CLO:0009464,CLO:0009463;CLO:0009464
U87,CLO_0009464,CLO:0009463;CLO:0009464,CLO:0009463;CLO:0009464
U87 GBM,CLO_0009464,,
U87 GBM_Mock,CLO_0009464,,
U87_EGFRvIII_erlotinib,CLO_0009464,,
U87_EGFRvIII_FBS,CLO_0009464,,
U87_EGFRvIII_shFOXG1_FBS,CLO_0009464,,
U87_EGFRvIII_shSCR_FBS,CLO_0009464,,
U87_EGFRvIII_shSOX9_FBS,CLO_0009464,,
U87_FBS,CLO_0009464,,
U87_glioblastoma,CLO_0009464,,
U-87MG,CLO_0009464,CLO:0009463;CLO:0009464,CLO:0009463;CLO:0009464
U87MGglioblastoma,CLO_0009464,,
U937,CLO_0009465,CLO:0009450;CLO:0009465,CLO:0009450;CLO:0009465
U-937,CLO_0009465,CLO:0009450;CLO:0009465,CLO:0009450;CLO:0009465
U-937 DE-4,CLO_0050122,CLO:0050122,CLO:0050122
U937_adult_acute_monocytic_leukemia,CLO_0009465,,
U937-AE,CLO_0009465,,
UACC257,CLO_0037135,CLO:0037135,CLO:0037135
UACC-257,CLO_0037135,CLO:0037135,CLO:0037135
UAE,CLO_0009465,,
UAE_ZINC,CLO_0009465,,
VCaP,CLO_0037117,CLO:0037117,CLO:0037117
vcap,CLO_0037117,CLO:0037117,CLO:0037117
VCaP_prostate_carcinoma,CLO_0037117,,
VCaP_prostate_carcinoma_DHAT_18H,CLO_0037117,,
VCaP_prostate_carcinoma_DHAT_2H,CLO_0037117,,
VCaP_prostate_carcinoma_DHT,CLO_0037117,,
VCaP_prostate_carcinoma_DHT24H,CLO_0037117,,
VCaP_prostate_carcinoma_DHT24H_SHFOXA1,CLO_0037117,,
VCaP_prostate_carcinoma_DHT24H_SHFOXP1,CLO_0037117,,
VCaP_prostate_carcinoma_DHT24H_SHRUNX1,CLO_0037117,,
VCaP_prostate_carcinoma_E2,CLO_0037117,,
VCaP_prostate_carcinoma_E2_ERA,CLO_0037117,,
VCaP_prostate_carcinoma_ETOH,CLO_0037117,,
VCaP_prostate_carcinoma_ETOH24H,CLO_0037117,,
VCaP_prostate_carcinoma_R1881,CLO_0037117,,
VCaP_prostate_carcinoma_R1881_10C26,CLO_0037117,,
VCaP_prostate_carcinoma_R1881_10C30,CLO_0037117,,
VCaP_prostate_carcinoma_R1881_1C26,CLO_0037117,,
VCaP_prostate_carcinoma_R1881_1C30,CLO_0037117,,
VCaP_prostate_carcinoma_R1881_30M,CLO_0037117,,
VCaP_prostate_carcinoma_R1881_4H,CLO_0037117,,
VCaP_prostate_carcinoma_SH1_DHT,CLO_0037117,,
VCaP_prostate_carcinoma_SH1_R1881,CLO_0037117,,
VCaP_prostate_carcinoma_SH2_DHT,CLO_0037117,,
VCaP_prostate_carcinoma_SH2_R1881,CLO_0037117,,
VCaP_prostate_carcinoma_SH3_DHT,CLO_0037117,,
VCaP_prostate_carcinoma_SHCTR_R1881,CLO_0037117,,
VCaP_prostate_carcinoma_SHPIAS1_R1881,CLO_0037117,,
vcap-dht-mdv3100,CLO_0037117,,
vcap-dmso,CLO_0037117,,
vcap-jq1,CLO_0037117,,
WA-hT,CLO_0050041,CLO:0050041,CLO:0050041
WERI-Rb1,CLO_0009584,CLO:0009583;CLO:0009584;CLO:0051563,CLO:0009583;CLO:0009584;CLO:0051563
WERI-Rb-1,CLO_0009584,CLO:0009583;CLO:0009584;CLO:0051563,CLO:0009583;CLO:0009584;CLO:0051563
WERI-Rb-1_retinoblastoma,CLO_0009584,,
WI38,CLO_0009594,CLO:0009591;CLO:0009594;CLO:0035526;CLO:0035534,CLO:0009591;CLO:0009594;CLO:0035526;CLO:0035534
WI-38,CLO_0009594,CLO:0009591;CLO:0009594;CLO:0035526;CLO:0035534,CLO:0009591;CLO:0009594;CLO:0035526;CLO:0035534
WI-38_lung_fibroblasts,CLO_0009594,,
WI-38VA13,CLO_0009597,,
WIL2-NS,CLO_0009604,CLO:0009601;CLO:0009604,CLO:0009601;CLO:0009604
Wilms' tumor cell line:G-401,CLO_0003434,,
Wilms' tumor cell line:HFWT,CLO_0050899,,
WM115,CLO_0009613,CLO:0009613,CLO:0009613
WM266-4,CLO_0009612,CLO:0009612;CLO:0009615,CLO:0009612;CLO:0009615
WPMY-1,CLO_0009628,CLO:0009628,CLO:0009628
WSU-DLCL2,CLO_0037068,CLO:0037068,CLO:0037068
WT hiPSC#1,CLO_0037308,,
WT/Jurkat,CLO_0007043,,
WT/Jurkat-11bp,CLO_0007043,,
WT-11bp/Jurkat,CLO_0007043,,
WTC11 iPSCs,CLO_0037308,,
xeroderma pigentosum b cell line:XPL 17,CLO_0051020,,
XPL 17,CLO_0051020,CLO:0051020,CLO:0051020
Y79,CLO_0009709,CLO:0009709;CLO:0030277;CLO:0051564,CLO:0009709;CLO:0030277;CLO:0051564
ZR75-30,CLO_0009728,CLO:0009728,CLO:0009728
ZR-75-30_KO,CLO_0009728,,
ZR-75-30_parental,CLO_0009728,,
